id,skuNumeric,productCategoryId,name,msrp,createdAt,createdBy,updatedAt,updatedBy
84,92635,2,,,Tue May 27 2025 14:01:33 GMT+0700 (Western Indonesia Time),5,Tue May 27 2025 14:01:33 GMT+0700 (Western Indonesia Time),
85,92207,2,Debonair,,Tue May 27 2025 14:05:29 GMT+0700 (Western Indonesia Time),5,Tue May 27 2025 14:05:29 GMT+0700 (Western Indonesia Time),
86,09203,2,,,Tue May 27 2025 14:06:05 GMT+0700 (Western Indonesia Time),5,Tue May 27 2025 14:06:05 GMT+0700 (Western Indonesia Time),
87,09101,2,,,Tue May 27 2025 14:07:02 GMT+0700 (Western Indonesia Time),5,Tue May 27 2025 14:07:02 GMT+0700 (Western Indonesia Time),
88,00401,3,Eloise,,Tue May 27 2025 14:40:08 GMT+0700 (Western Indonesia Time),5,Tue May 27 2025 14:40:08 GMT+0700 (Western Indonesia Time),
4,11888,2,Stalwart,,Mon May 26 2025 15:31:53 GMT+0700 (Western Indonesia Time),5,Mon May 26 2025 15:31:53 GMT+0700 (Western Indonesia Time),
5,11502,2,Aviator,,Mon May 26 2025 15:33:51 GMT+0700 (Western Indonesia Time),5,Mon May 26 2025 15:33:51 GMT+0700 (Western Indonesia Time),
6,92235,2,Logan,,Mon May 26 2025 15:34:50 GMT+0700 (Western Indonesia Time),5,Mon May 26 2025 15:34:50 GMT+0700 (Western Indonesia Time),
8,22201,2,,,Mon May 26 2025 15:50:17 GMT+0700 (Western Indonesia Time),5,Mon May 26 2025 15:50:17 GMT+0700 (Western Indonesia Time),
9,02701,3,Alissa,,Mon May 26 2025 16:03:16 GMT+0700 (Western Indonesia Time),5,Mon May 26 2025 16:03:16 GMT+0700 (Western Indonesia Time),
10,00406,3,Eritha,,Mon May 26 2025 16:45:57 GMT+0700 (Western Indonesia Time),5,Mon May 26 2025 16:55:07 GMT+0700 (Western Indonesia Time),5
11,64602,1,Kimbay,,Tue May 27 2025 09:11:17 GMT+0700 (Western Indonesia Time),5,Tue May 27 2025 09:11:17 GMT+0700 (Western Indonesia Time),
12,83646,2,Clayton,,Tue May 27 2025 09:12:45 GMT+0700 (Western Indonesia Time),5,Tue May 27 2025 09:12:45 GMT+0700 (Western Indonesia Time),
13,02201,2,Log Pine,,Tue May 27 2025 09:22:53 GMT+0700 (Western Indonesia Time),5,Tue May 27 2025 09:22:53 GMT+0700 (Western Indonesia Time),
14,11906,2,Prevail,,Tue May 27 2025 09:24:17 GMT+0700 (Western Indonesia Time),5,Tue May 27 2025 09:24:17 GMT+0700 (Western Indonesia Time),
15,95201,2,Cruiser Harris,,Tue May 27 2025 09:25:41 GMT+0700 (Western Indonesia Time),5,Tue May 27 2025 09:25:41 GMT+0700 (Western Indonesia Time),
16,59202,1,Bali,,Tue May 27 2025 09:26:20 GMT+0700 (Western Indonesia Time),5,Tue May 27 2025 09:26:20 GMT+0700 (Western Indonesia Time),
17,04602,2,Hector,,Tue May 27 2025 09:29:26 GMT+0700 (Western Indonesia Time),5,Tue May 27 2025 09:29:26 GMT+0700 (Western Indonesia Time),
18,11486,2,Brawny,,Tue May 27 2025 09:30:23 GMT+0700 (Western Indonesia Time),5,Tue May 27 2025 09:30:23 GMT+0700 (Western Indonesia Time),
19,11905,2,Reinforce,,Tue May 27 2025 09:32:37 GMT+0700 (Western Indonesia Time),5,Tue May 27 2025 09:32:37 GMT+0700 (Western Indonesia Time),
20,91712,2,Cogent,,Tue May 27 2025 09:41:29 GMT+0700 (Western Indonesia Time),5,Tue May 27 2025 09:41:29 GMT+0700 (Western Indonesia Time),
21,00405,3,Elysia,,Tue May 27 2025 09:42:31 GMT+0700 (Western Indonesia Time),5,Tue May 27 2025 09:42:31 GMT+0700 (Western Indonesia Time),
22,02403,3,Erika,,Tue May 27 2025 09:47:20 GMT+0700 (Western Indonesia Time),5,Tue May 27 2025 09:47:20 GMT+0700 (Western Indonesia Time),
23,92918,2,Railways,,Tue May 27 2025 09:48:32 GMT+0700 (Western Indonesia Time),5,Tue May 27 2025 09:48:32 GMT+0700 (Western Indonesia Time),
24,11508,2,Vanguard,,Tue May 27 2025 09:49:56 GMT+0700 (Western Indonesia Time),5,Tue May 27 2025 09:49:56 GMT+0700 (Western Indonesia Time),
25,64123,1,Hove,,Tue May 27 2025 09:50:30 GMT+0700 (Western Indonesia Time),5,Tue May 27 2025 09:51:26 GMT+0700 (Western Indonesia Time),5
26,64221,1,,,Tue May 27 2025 09:56:24 GMT+0700 (Western Indonesia Time),5,Tue May 27 2025 09:56:24 GMT+0700 (Western Indonesia Time),
27,56601,1,Atlas,,Tue May 27 2025 10:00:32 GMT+0700 (Western Indonesia Time),5,Tue May 27 2025 10:00:32 GMT+0700 (Western Indonesia Time),
29,92702,2,,,Tue May 27 2025 10:02:15 GMT+0700 (Western Indonesia Time),5,Tue May 27 2025 10:02:15 GMT+0700 (Western Indonesia Time),
30,64605,1,Bahama,,Tue May 27 2025 10:05:35 GMT+0700 (Western Indonesia Time),5,Tue May 27 2025 10:05:35 GMT+0700 (Western Indonesia Time),
33,65108,1,Jimbaran,,Tue May 27 2025 10:10:54 GMT+0700 (Western Indonesia Time),5,Tue May 27 2025 10:10:54 GMT+0700 (Western Indonesia Time),
35,92250,2,Caliber2,,Tue May 27 2025 10:12:42 GMT+0700 (Western Indonesia Time),5,Tue May 27 2025 10:12:42 GMT+0700 (Western Indonesia Time),
36,11503,2,Stark,,Tue May 27 2025 10:13:41 GMT+0700 (Western Indonesia Time),5,Tue May 27 2025 10:13:41 GMT+0700 (Western Indonesia Time),
38,03303,3,Artemis,,Tue May 27 2025 10:17:35 GMT+0700 (Western Indonesia Time),5,Tue May 27 2025 10:17:35 GMT+0700 (Western Indonesia Time),
39,95409,2,Cruiser Anchor,,Tue May 27 2025 10:18:18 GMT+0700 (Western Indonesia Time),5,Tue May 27 2025 10:18:18 GMT+0700 (Western Indonesia Time),
40,69201,2,Kartier201,,Tue May 27 2025 10:25:38 GMT+0700 (Western Indonesia Time),5,Tue May 27 2025 10:25:38 GMT+0700 (Western Indonesia Time),
41,11485,2,Stout,,Tue May 27 2025 10:31:30 GMT+0700 (Western Indonesia Time),5,Tue May 27 2025 10:31:30 GMT+0700 (Western Indonesia Time),
44,92227,2,,,Tue May 27 2025 10:35:15 GMT+0700 (Western Indonesia Time),5,Tue May 27 2025 10:35:15 GMT+0700 (Western Indonesia Time),
46,92912,2,Gravity,,Tue May 27 2025 10:37:24 GMT+0700 (Western Indonesia Time),5,Tue May 27 2025 10:37:24 GMT+0700 (Western Indonesia Time),
45,15258,2,Barclay,,Tue May 27 2025 10:36:48 GMT+0700 (Western Indonesia Time),5,Tue May 27 2025 10:39:00 GMT+0700 (Western Indonesia Time),5
47,92247,2,,,Tue May 27 2025 10:39:13 GMT+0700 (Western Indonesia Time),5,Tue May 27 2025 10:39:13 GMT+0700 (Western Indonesia Time),
48,15601,2,,,Tue May 27 2025 10:40:39 GMT+0700 (Western Indonesia Time),5,Tue May 27 2025 10:40:39 GMT+0700 (Western Indonesia Time),
49,92246,2,,,Tue May 27 2025 10:41:45 GMT+0700 (Western Indonesia Time),5,Tue May 27 2025 10:41:45 GMT+0700 (Western Indonesia Time),
50,95504,2,Robust504,,Tue May 27 2025 10:42:43 GMT+0700 (Western Indonesia Time),5,Tue May 27 2025 10:42:43 GMT+0700 (Western Indonesia Time),
51,59301,1,,,Tue May 27 2025 10:43:28 GMT+0700 (Western Indonesia Time),5,Tue May 27 2025 10:43:28 GMT+0700 (Western Indonesia Time),
52,64219,1,,,Tue May 27 2025 10:47:10 GMT+0700 (Western Indonesia Time),5,Tue May 27 2025 10:47:10 GMT+0700 (Western Indonesia Time),
53,65116,1,,,Tue May 27 2025 10:52:31 GMT+0700 (Western Indonesia Time),5,Tue May 27 2025 10:52:31 GMT+0700 (Western Indonesia Time),
54,56102,1,,,Tue May 27 2025 10:53:24 GMT+0700 (Western Indonesia Time),5,Tue May 27 2025 10:53:24 GMT+0700 (Western Indonesia Time),
55,64607,1,Brisk Starp,,Tue May 27 2025 10:54:06 GMT+0700 (Western Indonesia Time),5,Tue May 27 2025 10:54:06 GMT+0700 (Western Indonesia Time),
56,25501,2,,,Tue May 27 2025 10:54:38 GMT+0700 (Western Indonesia Time),5,Tue May 27 2025 10:54:38 GMT+0700 (Western Indonesia Time),
57,14502,2,,,Tue May 27 2025 10:55:14 GMT+0700 (Western Indonesia Time),5,Tue May 27 2025 10:55:14 GMT+0700 (Western Indonesia Time),
3,56603,1,,,Mon May 26 2025 14:35:58 GMT+0700 (Western Indonesia Time),5,Tue May 27 2025 10:57:46 GMT+0700 (Western Indonesia Time),5
2,11223,2,Aurochs,,Mon May 26 2025 14:27:19 GMT+0700 (Western Indonesia Time),5,Tue May 27 2025 11:01:09 GMT+0700 (Western Indonesia Time),5
58,02202,2,Log Wood,,Tue May 27 2025 11:01:30 GMT+0700 (Western Indonesia Time),5,Tue May 27 2025 11:01:48 GMT+0700 (Western Indonesia Time),5
59,41401,2,Prestige Quincy,,Tue May 27 2025 11:03:20 GMT+0700 (Western Indonesia Time),5,Tue May 27 2025 11:03:20 GMT+0700 (Western Indonesia Time),
61,92204,2,,,Tue May 27 2025 11:07:20 GMT+0700 (Western Indonesia Time),5,Tue May 27 2025 11:07:20 GMT+0700 (Western Indonesia Time),
62,92226,2,Cardiff,,Tue May 27 2025 11:08:01 GMT+0700 (Western Indonesia Time),5,Tue May 27 2025 11:08:01 GMT+0700 (Western Indonesia Time),
63,92406,2,Cruise,,Tue May 27 2025 11:09:40 GMT+0700 (Western Indonesia Time),5,Tue May 27 2025 11:09:40 GMT+0700 (Western Indonesia Time),
64,92634,2,,,Tue May 27 2025 11:10:20 GMT+0700 (Western Indonesia Time),5,Tue May 27 2025 11:10:20 GMT+0700 (Western Indonesia Time),
65,11505,2,,,Tue May 27 2025 11:11:33 GMT+0700 (Western Indonesia Time),5,Tue May 27 2025 11:11:33 GMT+0700 (Western Indonesia Time),
66,59206,1,,,Tue May 27 2025 11:12:12 GMT+0700 (Western Indonesia Time),5,Tue May 27 2025 11:12:12 GMT+0700 (Western Indonesia Time),
67,59209,1,,,Tue May 27 2025 11:12:52 GMT+0700 (Western Indonesia Time),5,Tue May 27 2025 11:12:52 GMT+0700 (Western Indonesia Time),
68,59302,1,Palmerston,,Tue May 27 2025 11:13:41 GMT+0700 (Western Indonesia Time),5,Tue May 27 2025 11:13:41 GMT+0700 (Western Indonesia Time),
69,64220,1,,,Tue May 27 2025 11:14:17 GMT+0700 (Western Indonesia Time),5,Tue May 27 2025 11:14:17 GMT+0700 (Western Indonesia Time),
70,57101,1,,,Tue May 27 2025 11:15:59 GMT+0700 (Western Indonesia Time),5,Tue May 27 2025 11:15:59 GMT+0700 (Western Indonesia Time),
71,57102,1,,,Tue May 27 2025 11:16:33 GMT+0700 (Western Indonesia Time),5,Tue May 27 2025 11:16:33 GMT+0700 (Western Indonesia Time),
72,57103,1,,,Tue May 27 2025 11:16:59 GMT+0700 (Western Indonesia Time),5,Tue May 27 2025 11:16:59 GMT+0700 (Western Indonesia Time),
73,57104,1,,,Tue May 27 2025 11:17:24 GMT+0700 (Western Indonesia Time),5,Tue May 27 2025 11:17:24 GMT+0700 (Western Indonesia Time),
74,57105,1,,,Tue May 27 2025 11:17:53 GMT+0700 (Western Indonesia Time),5,Tue May 27 2025 11:17:53 GMT+0700 (Western Indonesia Time),
75,57601,1,,,Tue May 27 2025 11:18:52 GMT+0700 (Western Indonesia Time),5,Tue May 27 2025 11:18:52 GMT+0700 (Western Indonesia Time),
76,57602,1,,,Tue May 27 2025 11:19:18 GMT+0700 (Western Indonesia Time),5,Tue May 27 2025 11:19:18 GMT+0700 (Western Indonesia Time),
77,57603,1,,,Tue May 27 2025 11:19:47 GMT+0700 (Western Indonesia Time),5,Tue May 27 2025 11:19:47 GMT+0700 (Western Indonesia Time),
78,57201,1,,,Tue May 27 2025 11:20:49 GMT+0700 (Western Indonesia Time),5,Tue May 27 2025 11:20:49 GMT+0700 (Western Indonesia Time),
79,57301,1,,,Tue May 27 2025 11:21:10 GMT+0700 (Western Indonesia Time),5,Tue May 27 2025 11:21:10 GMT+0700 (Western Indonesia Time),
80,69202,2,Kartier202,,Tue May 27 2025 13:53:15 GMT+0700 (Western Indonesia Time),5,Tue May 27 2025 13:54:01 GMT+0700 (Western Indonesia Time),5
28,59501,1,Pebble,,Tue May 27 2025 10:01:03 GMT+0700 (Western Indonesia Time),5,Tue May 27 2025 13:58:49 GMT+0700 (Western Indonesia Time),5
83,10402,2,,,Tue May 27 2025 13:59:52 GMT+0700 (Western Indonesia Time),5,Tue May 27 2025 13:59:52 GMT+0700 (Western Indonesia Time),
90,09102,2,,,Wed May 28 2025 11:35:53 GMT+0700 (Western Indonesia Time),5,Wed May 28 2025 11:35:53 GMT+0700 (Western Indonesia Time),
91,01208,2,Bufallo,,Wed May 28 2025 11:37:38 GMT+0700 (Western Indonesia Time),5,Wed May 28 2025 11:41:56 GMT+0700 (Western Indonesia Time),5
92,92231,2,Amble,,Wed May 28 2025 11:49:30 GMT+0700 (Western Indonesia Time),5,Wed May 28 2025 11:49:30 GMT+0700 (Western Indonesia Time),
93,92234,2,,,Wed May 28 2025 11:50:24 GMT+0700 (Western Indonesia Time),5,Wed May 28 2025 11:50:24 GMT+0700 (Western Indonesia Time),
94,09402,2,,,Wed May 28 2025 13:34:38 GMT+0700 (Western Indonesia Time),5,Wed May 28 2025 13:34:38 GMT+0700 (Western Indonesia Time),
7,02412ST,2,StoutST,,Mon May 26 2025 15:46:54 GMT+0700 (Western Indonesia Time),5,Fri May 30 2025 09:49:15 GMT+0700 (Western Indonesia Time),5
96,00609,3,Amelia,,Fri May 30 2025 10:00:11 GMT+0700 (Western Indonesia Time),5,Fri May 30 2025 10:00:11 GMT+0700 (Western Indonesia Time),
99,16203,2,Choco Charlie,,Fri May 30 2025 10:06:03 GMT+0700 (Western Indonesia Time),5,Fri May 30 2025 10:06:03 GMT+0700 (Western Indonesia Time),
100,84649,2,Chester Elder2,,Fri May 30 2025 10:06:53 GMT+0700 (Western Indonesia Time),5,Fri May 30 2025 10:06:53 GMT+0700 (Western Indonesia Time),
101,41803,2,Prestige Bergman,,Fri May 30 2025 10:08:18 GMT+0700 (Western Indonesia Time),5,Fri May 30 2025 10:08:18 GMT+0700 (Western Indonesia Time),
102,15104,2,,,Fri May 30 2025 15:19:10 GMT+0700 (Western Indonesia Time),5,Fri May 30 2025 15:19:10 GMT+0700 (Western Indonesia Time),
103,09202,2,,,Fri May 30 2025 16:10:18 GMT+0700 (Western Indonesia Time),5,Fri May 30 2025 16:10:18 GMT+0700 (Western Indonesia Time),
104,02804,2,Log Ash,,Sat May 31 2025 08:06:42 GMT+0700 (Western Indonesia Time),5,Sat May 31 2025 08:06:42 GMT+0700 (Western Indonesia Time),
105,95412,2,Vibrant,,Sat May 31 2025 08:07:21 GMT+0700 (Western Indonesia Time),5,Sat May 31 2025 08:07:21 GMT+0700 (Western Indonesia Time),
106,09401,2,,,Sat May 31 2025 13:19:08 GMT+0700 (Western Indonesia Time),5,Sat May 31 2025 13:19:08 GMT+0700 (Western Indonesia Time),
107,15103,2,Trevi103,,Mon Jun 02 2025 08:10:47 GMT+0700 (Western Indonesia Time),5,Mon Jun 02 2025 08:10:47 GMT+0700 (Western Indonesia Time),
108,11252,2,Baxter,,Mon Jun 02 2025 08:13:15 GMT+0700 (Western Indonesia Time),5,Mon Jun 02 2025 08:13:15 GMT+0700 (Western Indonesia Time),
109,64603,1,,,Mon Jun 02 2025 08:14:24 GMT+0700 (Western Indonesia Time),5,Mon Jun 02 2025 08:14:24 GMT+0700 (Western Indonesia Time),
60,45201ST,2,Cruiser HarrisST,,Tue May 27 2025 11:04:38 GMT+0700 (Western Indonesia Time),5,Mon Jun 02 2025 10:24:31 GMT+0700 (Western Indonesia Time),5
34,45206ST,2,,,Tue May 27 2025 10:11:33 GMT+0700 (Western Indonesia Time),5,Mon Jun 02 2025 10:26:29 GMT+0700 (Western Indonesia Time),5
31,45409ST,2,AnchorST,,Tue May 27 2025 10:06:47 GMT+0700 (Western Indonesia Time),5,Mon Jun 02 2025 10:26:58 GMT+0700 (Western Indonesia Time),5
89,45504ST,2,Robust504ST,,Wed May 28 2025 08:33:01 GMT+0700 (Western Indonesia Time),5,Mon Jun 02 2025 10:31:45 GMT+0700 (Western Indonesia Time),5
42,46401ST,2,LennardST,,Tue May 27 2025 10:33:38 GMT+0700 (Western Indonesia Time),5,Mon Jun 02 2025 10:32:26 GMT+0700 (Western Indonesia Time),5
95,65107,1,Jenairo,,Fri May 30 2025 09:44:18 GMT+0700 (Western Indonesia Time),5,Tue Jun 03 2025 13:04:07 GMT+0700 (Western Indonesia Time),5
98,65301,1,Alpen,,Fri May 30 2025 10:04:58 GMT+0700 (Western Indonesia Time),5,Tue Jun 03 2025 13:05:26 GMT+0700 (Western Indonesia Time),5
32,64121,1,Chekka,,Tue May 27 2025 10:10:07 GMT+0700 (Western Indonesia Time),5,Thu Jun 05 2025 09:39:55 GMT+0700 (Western Indonesia Time),5
81,46802ST,2,KarlST,,Tue May 27 2025 13:54:59 GMT+0700 (Western Indonesia Time),5,Mon Jun 02 2025 10:34:43 GMT+0700 (Western Indonesia Time),5
110,11227,2,Everest,,Mon Jun 02 2025 13:50:08 GMT+0700 (Western Indonesia Time),5,Mon Jun 02 2025 13:50:08 GMT+0700 (Western Indonesia Time),
97,41203,2,Edgar,,Fri May 30 2025 10:03:03 GMT+0700 (Western Indonesia Time),5,Mon Feb 02 2026 10:27:30 GMT+0700 (Western Indonesia Time),5
111,57501,1,,,Tue Jun 03 2025 09:42:43 GMT+0700 (Western Indonesia Time),5,Tue Jun 03 2025 09:42:43 GMT+0700 (Western Indonesia Time),
112,57502,1,,,Tue Jun 03 2025 09:49:06 GMT+0700 (Western Indonesia Time),5,Tue Jun 03 2025 09:49:06 GMT+0700 (Western Indonesia Time),
113,64222,1,,,Tue Jun 03 2025 09:50:50 GMT+0700 (Western Indonesia Time),5,Tue Jun 03 2025 09:50:50 GMT+0700 (Western Indonesia Time),
114,04604,2,,,Tue Jun 03 2025 13:11:04 GMT+0700 (Western Indonesia Time),5,Tue Jun 03 2025 13:11:04 GMT+0700 (Western Indonesia Time),
115,16202,2,Choco Barry,,Tue Jun 03 2025 13:13:16 GMT+0700 (Western Indonesia Time),5,Tue Jun 03 2025 13:13:16 GMT+0700 (Western Indonesia Time),
116,16201,2,Choco Colatta,,Tue Jun 03 2025 13:14:55 GMT+0700 (Western Indonesia Time),5,Tue Jun 03 2025 13:14:55 GMT+0700 (Western Indonesia Time),
117,20201,2,,,Tue Jun 03 2025 13:16:03 GMT+0700 (Western Indonesia Time),5,Tue Jun 03 2025 13:16:03 GMT+0700 (Western Indonesia Time),
118,20202,2,,,Tue Jun 03 2025 13:17:12 GMT+0700 (Western Indonesia Time),5,Tue Jun 03 2025 13:17:12 GMT+0700 (Western Indonesia Time),
120,83260,2,Hutton,,Tue Jun 03 2025 13:23:14 GMT+0700 (Western Indonesia Time),5,Tue Jun 03 2025 13:23:14 GMT+0700 (Western Indonesia Time),
121,92249,2,,,Tue Jun 03 2025 13:23:53 GMT+0700 (Western Indonesia Time),5,Tue Jun 03 2025 13:23:53 GMT+0700 (Western Indonesia Time),
122,64501,1,Atlantik,,Tue Jun 03 2025 13:25:49 GMT+0700 (Western Indonesia Time),5,Tue Jun 03 2025 13:25:49 GMT+0700 (Western Indonesia Time),
123,91360,2,Cogent2,,Wed Jun 04 2025 08:06:15 GMT+0700 (Western Indonesia Time),5,Wed Jun 04 2025 08:06:15 GMT+0700 (Western Indonesia Time),
124,98507,2,Raven,,Wed Jun 04 2025 08:06:31 GMT+0700 (Western Indonesia Time),5,Wed Jun 04 2025 08:06:31 GMT+0700 (Western Indonesia Time),
125,95301,2,Cruiser Brig,,Wed Jun 04 2025 11:03:19 GMT+0700 (Western Indonesia Time),5,Wed Jun 04 2025 11:03:19 GMT+0700 (Western Indonesia Time),
126,95511,2,Robust,,Wed Jun 04 2025 12:52:35 GMT+0700 (Western Indonesia Time),5,Wed Jun 04 2025 12:52:35 GMT+0700 (Western Indonesia Time),
127,95512,2,Robust512,,Wed Jun 04 2025 12:53:43 GMT+0700 (Western Indonesia Time),5,Wed Jun 04 2025 12:53:43 GMT+0700 (Western Indonesia Time),
128,00603,3,Abigail,,Wed Jun 04 2025 12:55:20 GMT+0700 (Western Indonesia Time),5,Wed Jun 04 2025 12:55:20 GMT+0700 (Western Indonesia Time),
129,92237,2,Ace,,Wed Jun 04 2025 12:59:24 GMT+0700 (Western Indonesia Time),5,Wed Jun 04 2025 12:59:24 GMT+0700 (Western Indonesia Time),
130,00606,3,Adara,,Wed Jun 04 2025 13:00:19 GMT+0700 (Western Indonesia Time),5,Wed Jun 04 2025 13:00:19 GMT+0700 (Western Indonesia Time),
131,00607,3,Adiva,,Wed Jun 04 2025 13:01:45 GMT+0700 (Western Indonesia Time),5,Wed Jun 04 2025 13:01:45 GMT+0700 (Western Indonesia Time),
132,15222,2,Adroit,,Wed Jun 04 2025 13:02:19 GMT+0700 (Western Indonesia Time),5,Wed Jun 04 2025 13:02:19 GMT+0700 (Western Indonesia Time),
133,28202,2,Advent,,Wed Jun 04 2025 13:03:48 GMT+0700 (Western Indonesia Time),5,Wed Jun 04 2025 13:03:48 GMT+0700 (Western Indonesia Time),
134,28208,2,Advent2,,Wed Jun 04 2025 13:04:01 GMT+0700 (Western Indonesia Time),5,Wed Jun 04 2025 13:04:01 GMT+0700 (Western Indonesia Time),
135,00608,3,Agatha,,Wed Jun 04 2025 13:05:28 GMT+0700 (Western Indonesia Time),5,Wed Jun 04 2025 13:05:28 GMT+0700 (Western Indonesia Time),
136,64122,1,Alton,,Wed Jun 04 2025 13:06:50 GMT+0700 (Western Indonesia Time),5,Wed Jun 04 2025 13:06:50 GMT+0700 (Western Indonesia Time),
137,59128,1,Ampat,,Wed Jun 04 2025 13:20:29 GMT+0700 (Western Indonesia Time),5,Wed Jun 04 2025 13:20:29 GMT+0700 (Western Indonesia Time),
138,16302,3,Andrea,,Wed Jun 04 2025 13:21:47 GMT+0700 (Western Indonesia Time),5,Wed Jun 04 2025 13:21:47 GMT+0700 (Western Indonesia Time),
139,03301,3,Ariadne,,Wed Jun 04 2025 13:22:21 GMT+0700 (Western Indonesia Time),5,Wed Jun 04 2025 13:22:21 GMT+0700 (Western Indonesia Time),
140,00601,3,Ariella,,Wed Jun 04 2025 13:23:53 GMT+0700 (Western Indonesia Time),5,Wed Jun 04 2025 13:23:53 GMT+0700 (Western Indonesia Time),
141,03304,3,Asteria,,Wed Jun 04 2025 13:25:11 GMT+0700 (Western Indonesia Time),5,Wed Jun 04 2025 13:25:11 GMT+0700 (Western Indonesia Time),
142,59101,1,Atai,,Wed Jun 04 2025 13:26:11 GMT+0700 (Western Indonesia Time),5,Wed Jun 04 2025 13:26:11 GMT+0700 (Western Indonesia Time),
143,03302,3,Athena,,Wed Jun 04 2025 13:27:44 GMT+0700 (Western Indonesia Time),5,Wed Jun 04 2025 13:27:44 GMT+0700 (Western Indonesia Time),
144,00610,3,Audriana,,Wed Jun 04 2025 13:28:53 GMT+0700 (Western Indonesia Time),5,Wed Jun 04 2025 13:28:53 GMT+0700 (Western Indonesia Time),
145,64211,1,Avalon,,Wed Jun 04 2025 13:30:07 GMT+0700 (Western Indonesia Time),5,Wed Jun 04 2025 13:30:07 GMT+0700 (Western Indonesia Time),
146,00602,3,Aviana,,Wed Jun 04 2025 13:32:42 GMT+0700 (Western Indonesia Time),5,Wed Jun 04 2025 13:35:02 GMT+0700 (Western Indonesia Time),5
147,41602,2,Prestige Bergson,,Wed Jun 04 2025 13:43:05 GMT+0700 (Western Indonesia Time),5,Wed Jun 04 2025 13:43:05 GMT+0700 (Western Indonesia Time),
148,59601,1,Bira,,Wed Jun 04 2025 13:44:29 GMT+0700 (Western Indonesia Time),5,Wed Jun 04 2025 13:44:29 GMT+0700 (Western Indonesia Time),
149,92606,2,Bold,,Wed Jun 04 2025 13:48:38 GMT+0700 (Western Indonesia Time),5,Wed Jun 04 2025 13:48:38 GMT+0700 (Western Indonesia Time),
150,64107,1,Bora,,Wed Jun 04 2025 13:49:38 GMT+0700 (Western Indonesia Time),5,Wed Jun 04 2025 13:49:38 GMT+0700 (Western Indonesia Time),
151,83226,2,Bristol,,Wed Jun 04 2025 13:50:24 GMT+0700 (Western Indonesia Time),5,Wed Jun 04 2025 13:50:24 GMT+0700 (Western Indonesia Time),
152,54219,1,Bucharest,,Wed Jun 04 2025 13:51:10 GMT+0700 (Western Indonesia Time),5,Wed Jun 04 2025 13:51:10 GMT+0700 (Western Indonesia Time),
153,01506,3,Caitlin,,Wed Jun 04 2025 13:52:20 GMT+0700 (Western Indonesia Time),5,Wed Jun 04 2025 13:52:20 GMT+0700 (Western Indonesia Time),
154,92215,2,Caliber,,Wed Jun 04 2025 13:52:59 GMT+0700 (Western Indonesia Time),5,Wed Jun 04 2025 13:52:59 GMT+0700 (Western Indonesia Time),
155,19601,2,Caribou Farrell,,Wed Jun 04 2025 13:58:33 GMT+0700 (Western Indonesia Time),5,Wed Jun 04 2025 13:58:33 GMT+0700 (Western Indonesia Time),
156,17204,2,Caribou Marsh,,Wed Jun 04 2025 14:06:06 GMT+0700 (Western Indonesia Time),5,Wed Jun 04 2025 14:06:06 GMT+0700 (Western Indonesia Time),
157,99801,2,Caribou Moose,,Wed Jun 04 2025 14:07:49 GMT+0700 (Western Indonesia Time),5,Wed Jun 04 2025 14:07:49 GMT+0700 (Western Indonesia Time),
158,99206,2,Caribou Peary,,Wed Jun 04 2025 14:09:38 GMT+0700 (Western Indonesia Time),5,Wed Jun 04 2025 14:09:38 GMT+0700 (Western Indonesia Time),
159,18301,2,Caribou Servil,,Wed Jun 04 2025 14:11:20 GMT+0700 (Western Indonesia Time),5,Wed Jun 04 2025 14:11:20 GMT+0700 (Western Indonesia Time),
160,99201,2,Caribou Thomson,,Wed Jun 04 2025 14:12:42 GMT+0700 (Western Indonesia Time),5,Wed Jun 04 2025 14:12:42 GMT+0700 (Western Indonesia Time),
161,17402,2,Caribou Tundra,,Wed Jun 04 2025 14:14:15 GMT+0700 (Western Indonesia Time),5,Wed Jun 04 2025 14:14:15 GMT+0700 (Western Indonesia Time),
162,17214,2,Caribou Woolly,,Wed Jun 04 2025 14:15:14 GMT+0700 (Western Indonesia Time),5,Wed Jun 04 2025 14:15:14 GMT+0700 (Western Indonesia Time),
163,59401,1,Rhodes,,Thu Jun 05 2025 08:28:52 GMT+0700 (Western Indonesia Time),5,Thu Jun 05 2025 08:28:52 GMT+0700 (Western Indonesia Time),
164,09201,2,,,Thu Jun 05 2025 10:23:38 GMT+0700 (Western Indonesia Time),5,Thu Jun 05 2025 10:23:38 GMT+0700 (Western Indonesia Time),
165,05602,2,Janvier,,Thu Jun 05 2025 13:24:50 GMT+0700 (Western Indonesia Time),5,Thu Jun 05 2025 13:24:50 GMT+0700 (Western Indonesia Time),
166,64217,1,,,Sat Jun 07 2025 08:21:06 GMT+0700 (Western Indonesia Time),5,Sat Jun 07 2025 08:21:06 GMT+0700 (Western Indonesia Time),
167,95411,2,Platoon,,Sat Jun 07 2025 08:21:40 GMT+0700 (Western Indonesia Time),5,Sat Jun 07 2025 08:21:40 GMT+0700 (Western Indonesia Time),
168,95502,2,Carlos,,Sat Jun 07 2025 08:23:17 GMT+0700 (Western Indonesia Time),5,Sat Jun 07 2025 08:23:17 GMT+0700 (Western Indonesia Time),
170,64118,1,,,Sat Jun 07 2025 08:34:57 GMT+0700 (Western Indonesia Time),5,Sat Jun 07 2025 08:34:57 GMT+0700 (Western Indonesia Time),
172,05603,2,Olivier,,Mon Jun 09 2025 08:40:55 GMT+0700 (Western Indonesia Time),5,Mon Jun 09 2025 08:40:55 GMT+0700 (Western Indonesia Time),
173,92518,2,Railways,,Wed Jun 11 2025 13:50:19 GMT+0700 (Western Indonesia Time),5,Wed Jun 11 2025 13:50:19 GMT+0700 (Western Indonesia Time),
174,65109,1,,,Wed Jun 11 2025 14:00:30 GMT+0700 (Western Indonesia Time),5,Wed Jun 11 2025 14:00:30 GMT+0700 (Western Indonesia Time),
175,64106,1,Maui,,Thu Jun 12 2025 08:14:02 GMT+0700 (Western Indonesia Time),5,Thu Jun 12 2025 08:14:02 GMT+0700 (Western Indonesia Time),
177,95402,2,Robust402,,Thu Jun 12 2025 15:01:11 GMT+0700 (Western Indonesia Time),5,Thu Jun 12 2025 15:01:11 GMT+0700 (Western Indonesia Time),
178,14206,2,,,Sat Jun 14 2025 08:26:09 GMT+0700 (Western Indonesia Time),5,Sat Jun 14 2025 08:26:09 GMT+0700 (Western Indonesia Time),
179,02411,2,,,Mon Jun 16 2025 08:51:52 GMT+0700 (Western Indonesia Time),5,Mon Jun 16 2025 08:51:52 GMT+0700 (Western Indonesia Time),
180,59211,1,Waka,,Mon Jun 16 2025 11:23:02 GMT+0700 (Western Indonesia Time),5,Mon Jun 16 2025 11:23:02 GMT+0700 (Western Indonesia Time),
181,65201,1,Materhorn,,Mon Jun 16 2025 11:23:14 GMT+0700 (Western Indonesia Time),5,Mon Jun 16 2025 11:23:14 GMT+0700 (Western Indonesia Time),
182,13501,2,Alpine,,Tue Jun 17 2025 11:14:57 GMT+0700 (Western Indonesia Time),5,Tue Jun 17 2025 11:14:57 GMT+0700 (Western Indonesia Time),
183,92505,2,Dessert 4 O'Clock,,Tue Jun 17 2025 11:43:33 GMT+0700 (Western Indonesia Time),5,Tue Jun 17 2025 11:43:33 GMT+0700 (Western Indonesia Time),
184,35401,2,Cobra2,,Tue Jun 17 2025 15:06:51 GMT+0700 (Western Indonesia Time),5,Tue Jun 17 2025 15:06:51 GMT+0700 (Western Indonesia Time),
185,70105,3,Nadine,,Wed Jun 18 2025 09:53:58 GMT+0700 (Western Indonesia Time),5,Wed Jun 18 2025 09:54:16 GMT+0700 (Western Indonesia Time),5
186,59402,1,,,Wed Jun 18 2025 15:11:19 GMT+0700 (Western Indonesia Time),5,Wed Jun 18 2025 15:11:19 GMT+0700 (Western Indonesia Time),
187,59212,1,,,Wed Jun 18 2025 15:11:54 GMT+0700 (Western Indonesia Time),5,Wed Jun 18 2025 15:11:54 GMT+0700 (Western Indonesia Time),
188,92627,2,,,Wed Jun 18 2025 15:13:31 GMT+0700 (Western Indonesia Time),5,Wed Jun 18 2025 15:13:31 GMT+0700 (Western Indonesia Time),
189,98501,2,Prestige Russel,,Thu Jun 19 2025 08:00:09 GMT+0700 (Western Indonesia Time),5,Thu Jun 19 2025 08:00:09 GMT+0700 (Western Indonesia Time),
191,35303,2,Cobra,,Fri Jun 20 2025 10:44:15 GMT+0700 (Western Indonesia Time),5,Fri Jun 20 2025 10:44:15 GMT+0700 (Western Indonesia Time),
192,10202,2,,,Fri Jun 20 2025 14:46:51 GMT+0700 (Western Indonesia Time),5,Fri Jun 20 2025 14:46:51 GMT+0700 (Western Indonesia Time),
193,95218,2,Spectrum,,Sat Jun 21 2025 08:17:46 GMT+0700 (Western Indonesia Time),5,Sat Jun 21 2025 08:17:46 GMT+0700 (Western Indonesia Time),
194,14402,2,,,Sat Jun 21 2025 08:19:05 GMT+0700 (Western Indonesia Time),5,Sat Jun 21 2025 08:19:05 GMT+0700 (Western Indonesia Time),
195,46402ST,2,KarlST,,Mon Jun 23 2025 08:07:35 GMT+0700 (Western Indonesia Time),5,Mon Jun 23 2025 08:07:35 GMT+0700 (Western Indonesia Time),
196,00302,3,Cheryl,,Mon Jun 23 2025 09:59:36 GMT+0700 (Western Indonesia Time),5,Mon Jun 23 2025 09:59:36 GMT+0700 (Western Indonesia Time),
197,13202,2,Terrain202,,Mon Jun 23 2025 11:32:49 GMT+0700 (Western Indonesia Time),5,Mon Jun 23 2025 11:32:49 GMT+0700 (Western Indonesia Time),
198,28201,2,,,Tue Jun 24 2025 08:16:17 GMT+0700 (Western Indonesia Time),5,Tue Jun 24 2025 08:16:17 GMT+0700 (Western Indonesia Time),
200,92306,2,,,Tue Jun 24 2025 11:24:16 GMT+0700 (Western Indonesia Time),5,Tue Jun 24 2025 11:24:16 GMT+0700 (Western Indonesia Time),
201,92232,2,Logan 2,,Wed Jun 25 2025 09:40:35 GMT+0700 (Western Indonesia Time),5,Wed Jun 25 2025 09:40:35 GMT+0700 (Western Indonesia Time),
202,15610,2,Darwen 2,,Wed Jun 25 2025 13:37:33 GMT+0700 (Western Indonesia Time),5,Wed Jun 25 2025 13:37:33 GMT+0700 (Western Indonesia Time),
203,95206,2,Cruiser Bravo,,Wed Jun 25 2025 13:38:04 GMT+0700 (Western Indonesia Time),5,Wed Jun 25 2025 13:38:04 GMT+0700 (Western Indonesia Time),
204,00403,3,Ellie,,Thu Jun 26 2025 14:02:32 GMT+0700 (Western Indonesia Time),5,Thu Jun 26 2025 14:02:32 GMT+0700 (Western Indonesia Time),
205,02702,3,Tazia,,Sat Jun 28 2025 08:58:12 GMT+0700 (Western Indonesia Time),5,Sat Jun 28 2025 08:58:12 GMT+0700 (Western Indonesia Time),
206,97402,2,Zircon,,Sat Jun 28 2025 08:58:55 GMT+0700 (Western Indonesia Time),5,Sat Jun 28 2025 08:59:17 GMT+0700 (Western Indonesia Time),5
207,54101,2,,,Mon Jun 30 2025 08:54:02 GMT+0700 (Western Indonesia Time),5,Mon Jun 30 2025 08:54:02 GMT+0700 (Western Indonesia Time),
208,98502,2,Prestige Marvin,,Mon Jun 30 2025 08:55:17 GMT+0700 (Western Indonesia Time),5,Mon Jun 30 2025 08:55:17 GMT+0700 (Western Indonesia Time),
209,65202,1,Materhorn2,,Mon Jun 30 2025 08:55:49 GMT+0700 (Western Indonesia Time),5,Mon Jun 30 2025 08:55:49 GMT+0700 (Western Indonesia Time),
210,65112,1,Jibei,,Mon Jun 30 2025 08:56:22 GMT+0700 (Western Indonesia Time),5,Mon Jun 30 2025 08:56:22 GMT+0700 (Western Indonesia Time),
211,05203,2,,,Mon Jun 30 2025 09:07:55 GMT+0700 (Western Indonesia Time),5,Mon Jun 30 2025 09:07:55 GMT+0700 (Western Indonesia Time),
212,05211,2,,,Mon Jun 30 2025 09:08:35 GMT+0700 (Western Indonesia Time),5,Mon Jun 30 2025 09:08:35 GMT+0700 (Western Indonesia Time),
213,92245,2,,,Mon Jun 30 2025 09:10:20 GMT+0700 (Western Indonesia Time),5,Mon Jun 30 2025 09:10:20 GMT+0700 (Western Indonesia Time),
215,64601,1,,,Mon Jun 30 2025 09:14:16 GMT+0700 (Western Indonesia Time),5,Mon Jun 30 2025 09:14:16 GMT+0700 (Western Indonesia Time),
216,65207,1,,,Mon Jun 30 2025 09:14:52 GMT+0700 (Western Indonesia Time),5,Mon Jun 30 2025 09:14:52 GMT+0700 (Western Indonesia Time),
217,15205,2,,,Mon Jun 30 2025 09:15:41 GMT+0700 (Western Indonesia Time),5,Mon Jun 30 2025 09:15:41 GMT+0700 (Western Indonesia Time),
218,15201,2,,,Mon Jun 30 2025 09:16:15 GMT+0700 (Western Indonesia Time),5,Mon Jun 30 2025 09:16:15 GMT+0700 (Western Indonesia Time),
219,15253,2,,,Mon Jun 30 2025 09:16:41 GMT+0700 (Western Indonesia Time),5,Mon Jun 30 2025 09:16:41 GMT+0700 (Western Indonesia Time),
220,64139,1,,,Mon Jun 30 2025 09:18:53 GMT+0700 (Western Indonesia Time),5,Mon Jun 30 2025 09:18:53 GMT+0700 (Western Indonesia Time),
222,09301,2,,,Mon Jun 30 2025 13:08:58 GMT+0700 (Western Indonesia Time),5,Mon Jun 30 2025 13:08:58 GMT+0700 (Western Indonesia Time),
119,20203,2,Moccasin203,,Tue Jun 03 2025 13:19:30 GMT+0700 (Western Indonesia Time),5,Tue Jul 15 2025 13:21:04 GMT+0700 (Western Indonesia Time),5
223,13401,2,Falcon,,Mon Jun 30 2025 14:26:26 GMT+0700 (Western Indonesia Time),5,Mon Jun 30 2025 14:26:26 GMT+0700 (Western Indonesia Time),
224,92402,2,,,Tue Jul 01 2025 08:26:43 GMT+0700 (Western Indonesia Time),5,Tue Jul 01 2025 08:26:43 GMT+0700 (Western Indonesia Time),
225,09403,2,,,Wed Jul 02 2025 11:31:23 GMT+0700 (Western Indonesia Time),5,Wed Jul 02 2025 11:31:23 GMT+0700 (Western Indonesia Time),
43,46404ST,2,,,Tue May 27 2025 10:34:17 GMT+0700 (Western Indonesia Time),5,Wed Jul 02 2025 15:36:59 GMT+0700 (Western Indonesia Time),5
226,95926,2,Cruiser Greaves,,Thu Jul 03 2025 09:10:19 GMT+0700 (Western Indonesia Time),5,Thu Jul 03 2025 09:10:19 GMT+0700 (Western Indonesia Time),
227,98506,2,Prestige Presley,,Thu Jul 03 2025 15:44:16 GMT+0700 (Western Indonesia Time),5,Thu Jul 03 2025 15:44:16 GMT+0700 (Western Indonesia Time),
228,86235,2,,,Fri Jul 04 2025 08:26:54 GMT+0700 (Western Indonesia Time),5,Fri Jul 04 2025 08:26:54 GMT+0700 (Western Indonesia Time),
229,93203,2,,,Sat Jul 05 2025 09:25:13 GMT+0700 (Western Indonesia Time),5,Sat Jul 05 2025 09:25:13 GMT+0700 (Western Indonesia Time),
230,93204,2,,,Sat Jul 05 2025 09:25:43 GMT+0700 (Western Indonesia Time),5,Sat Jul 05 2025 09:25:43 GMT+0700 (Western Indonesia Time),
231,56112,1,Baranof,,Sat Jul 05 2025 10:26:13 GMT+0700 (Western Indonesia Time),5,Sat Jul 05 2025 10:26:13 GMT+0700 (Western Indonesia Time),
232,86234,2,Preston,,Wed Jul 09 2025 09:10:55 GMT+0700 (Western Indonesia Time),5,Wed Jul 09 2025 09:10:55 GMT+0700 (Western Indonesia Time),
234,96402,2,Jasper,,Wed Jul 09 2025 09:12:00 GMT+0700 (Western Indonesia Time),5,Wed Jul 09 2025 09:12:00 GMT+0700 (Western Indonesia Time),
235,31250,2,Soka 2,,Wed Jul 09 2025 09:12:32 GMT+0700 (Western Indonesia Time),5,Wed Jul 09 2025 09:12:32 GMT+0700 (Western Indonesia Time),
236,92521,2,Rory,,Wed Jul 09 2025 09:13:23 GMT+0700 (Western Indonesia Time),5,Wed Jul 09 2025 09:13:23 GMT+0700 (Western Indonesia Time),
238,14202,2,,,Wed Jul 09 2025 09:15:20 GMT+0700 (Western Indonesia Time),5,Wed Jul 09 2025 09:15:20 GMT+0700 (Western Indonesia Time),
239,00903,3,Petal,,Wed Jul 09 2025 10:45:05 GMT+0700 (Western Indonesia Time),5,Wed Jul 09 2025 10:45:05 GMT+0700 (Western Indonesia Time),
241,92251,2,Zeal 2,,Fri Jul 11 2025 13:02:25 GMT+0700 (Western Indonesia Time),5,Fri Jul 11 2025 13:02:25 GMT+0700 (Western Indonesia Time),
242,92240,2,Fulton,,Fri Jul 11 2025 13:02:56 GMT+0700 (Western Indonesia Time),5,Fri Jul 11 2025 13:02:56 GMT+0700 (Western Indonesia Time),
243,05206,2,Powell,,Sat Jul 12 2025 09:34:19 GMT+0700 (Western Indonesia Time),5,Sat Jul 12 2025 09:34:19 GMT+0700 (Western Indonesia Time),
244,13204,2,Shiff,,Sat Jul 12 2025 09:35:46 GMT+0700 (Western Indonesia Time),5,Sat Jul 12 2025 09:35:46 GMT+0700 (Western Indonesia Time),
245,13503,2,,,Mon Jul 14 2025 09:38:38 GMT+0700 (Western Indonesia Time),5,Mon Jul 14 2025 09:38:38 GMT+0700 (Western Indonesia Time),
246,10201,2,,,Mon Jul 14 2025 09:39:56 GMT+0700 (Western Indonesia Time),5,Mon Jul 14 2025 09:39:56 GMT+0700 (Western Indonesia Time),
214,56101,1,Karas,,Mon Jun 30 2025 09:12:39 GMT+0700 (Western Indonesia Time),5,Mon Jul 14 2025 09:41:50 GMT+0700 (Western Indonesia Time),5
247,92905,2,,,Thu Jul 17 2025 08:16:02 GMT+0700 (Western Indonesia Time),5,Thu Jul 17 2025 08:16:02 GMT+0700 (Western Indonesia Time),
248,02902,2,Log Oak,,Thu Jul 17 2025 11:05:43 GMT+0700 (Western Indonesia Time),5,Thu Jul 17 2025 11:05:43 GMT+0700 (Western Indonesia Time),
249,95925,2,Cruiser Greaves 2,,Fri Jul 18 2025 10:31:41 GMT+0700 (Western Indonesia Time),5,Fri Jul 18 2025 10:31:41 GMT+0700 (Western Indonesia Time),
250,45218ST,2,Spectrum,,Fri Jul 18 2025 14:06:43 GMT+0700 (Western Indonesia Time),5,Fri Jul 18 2025 14:08:00 GMT+0700 (Western Indonesia Time),5
251,15251,2,,,Mon Jul 21 2025 16:02:07 GMT+0700 (Western Indonesia Time),5,Mon Jul 21 2025 16:02:07 GMT+0700 (Western Indonesia Time),
253,69203,2,Kartier203,,Mon Jul 21 2025 16:04:21 GMT+0700 (Western Indonesia Time),5,Mon Jul 21 2025 16:04:21 GMT+0700 (Western Indonesia Time),
254,31251,2,Soka,,Mon Jul 21 2025 16:05:26 GMT+0700 (Western Indonesia Time),5,Mon Jul 21 2025 16:05:26 GMT+0700 (Western Indonesia Time),
257,41202,2,,,Tue Jul 22 2025 15:12:41 GMT+0700 (Western Indonesia Time),5,Tue Jul 22 2025 15:12:41 GMT+0700 (Western Indonesia Time),
258,98206,2,,,Tue Jul 22 2025 15:13:53 GMT+0700 (Western Indonesia Time),5,Tue Jul 22 2025 15:13:53 GMT+0700 (Western Indonesia Time),
259,98504,2,,,Tue Jul 22 2025 15:14:22 GMT+0700 (Western Indonesia Time),5,Tue Jul 22 2025 15:14:22 GMT+0700 (Western Indonesia Time),
261,65119,1,Maldives,,Tue Jul 22 2025 15:27:48 GMT+0700 (Western Indonesia Time),5,Tue Jul 22 2025 15:27:48 GMT+0700 (Western Indonesia Time),
240,95205,2,Cruiser Flok,,Thu Jul 10 2025 09:04:07 GMT+0700 (Western Indonesia Time),5,Wed Jul 23 2025 14:46:45 GMT+0700 (Western Indonesia Time),5
262,13203,2,Terrain 203,,Wed Jul 23 2025 15:53:34 GMT+0700 (Western Indonesia Time),5,Wed Jul 23 2025 15:53:34 GMT+0700 (Western Indonesia Time),
263,83212,2,Westminster,,Thu Jul 24 2025 08:20:01 GMT+0700 (Western Indonesia Time),5,Thu Jul 24 2025 08:20:01 GMT+0700 (Western Indonesia Time),
264,46404,2,,,Thu Jul 24 2025 11:55:02 GMT+0700 (Western Indonesia Time),5,Thu Jul 24 2025 11:55:02 GMT+0700 (Western Indonesia Time),
266,00201,3,,,Fri Jul 25 2025 16:18:18 GMT+0700 (Western Indonesia Time),5,Fri Jul 25 2025 16:18:18 GMT+0700 (Western Indonesia Time),
267,00501,3,,,Fri Jul 25 2025 16:18:48 GMT+0700 (Western Indonesia Time),5,Fri Jul 25 2025 16:18:48 GMT+0700 (Western Indonesia Time),
256,92403,2,ClawHammer Triser,,Mon Jul 21 2025 16:06:37 GMT+0700 (Western Indonesia Time),5,Sat Jul 26 2025 14:06:46 GMT+0700 (Western Indonesia Time),5
268,02204,3,Kara,,Mon Jul 28 2025 09:22:46 GMT+0700 (Western Indonesia Time),5,Mon Jul 28 2025 09:22:46 GMT+0700 (Western Indonesia Time),
269,16204,2,Choco Ferrero,,Mon Jul 28 2025 09:23:26 GMT+0700 (Western Indonesia Time),5,Mon Jul 28 2025 09:23:26 GMT+0700 (Western Indonesia Time),
270,95219,2,,,Mon Jul 28 2025 09:43:08 GMT+0700 (Western Indonesia Time),5,Mon Jul 28 2025 09:43:08 GMT+0700 (Western Indonesia Time),
271,65111,1,Dune,,Mon Jul 28 2025 09:57:15 GMT+0700 (Western Indonesia Time),5,Mon Jul 28 2025 09:57:15 GMT+0700 (Western Indonesia Time),
273,92607,2,,,Mon Jul 28 2025 10:11:44 GMT+0700 (Western Indonesia Time),5,Mon Jul 28 2025 10:11:44 GMT+0700 (Western Indonesia Time),
274,92223,2,,,Mon Jul 28 2025 10:12:46 GMT+0700 (Western Indonesia Time),5,Mon Jul 28 2025 10:12:46 GMT+0700 (Western Indonesia Time),
275,46401,2,Lennart,,Mon Jul 28 2025 13:26:05 GMT+0700 (Western Indonesia Time),5,Mon Jul 28 2025 13:26:05 GMT+0700 (Western Indonesia Time),
276,41402,2,Desmond,,Tue Jul 29 2025 09:30:39 GMT+0700 (Western Indonesia Time),5,Tue Jul 29 2025 09:30:39 GMT+0700 (Western Indonesia Time),
277,95520,2,Cruiser Alger,,Wed Jul 30 2025 11:44:05 GMT+0700 (Western Indonesia Time),5,Wed Jul 30 2025 11:44:05 GMT+0700 (Western Indonesia Time),
278,83251,2,Metro,,Thu Jul 31 2025 08:06:51 GMT+0700 (Western Indonesia Time),5,Thu Jul 31 2025 08:06:51 GMT+0700 (Western Indonesia Time),
279,11504,2,,,Sat Aug 02 2025 15:03:09 GMT+0700 (Western Indonesia Time),5,Sat Aug 02 2025 15:03:09 GMT+0700 (Western Indonesia Time),
280,40203,2,Roosevelt,,Tue Aug 05 2025 09:24:25 GMT+0700 (Western Indonesia Time),5,Tue Aug 05 2025 09:24:25 GMT+0700 (Western Indonesia Time),
281,92421,2,Rebound,,Tue Aug 05 2025 10:14:44 GMT+0700 (Western Indonesia Time),5,Tue Aug 05 2025 10:14:44 GMT+0700 (Western Indonesia Time),
282,00110,3,Claretta,,Wed Aug 06 2025 08:31:18 GMT+0700 (Western Indonesia Time),5,Wed Aug 06 2025 08:31:18 GMT+0700 (Western Indonesia Time),
283,91229,2,,,Thu Aug 07 2025 13:12:22 GMT+0700 (Western Indonesia Time),5,Thu Aug 07 2025 13:12:22 GMT+0700 (Western Indonesia Time),
284,00702,3,Louise,,Fri Aug 08 2025 09:08:28 GMT+0700 (Western Indonesia Time),5,Fri Aug 08 2025 09:08:28 GMT+0700 (Western Indonesia Time),
285,59122,1,Sancho,,Fri Aug 08 2025 13:08:42 GMT+0700 (Western Indonesia Time),5,Fri Aug 08 2025 13:08:42 GMT+0700 (Western Indonesia Time),
287,01901,2,,,Tue Aug 12 2025 16:42:46 GMT+0700 (Western Indonesia Time),5,Tue Aug 12 2025 16:42:46 GMT+0700 (Western Indonesia Time),
288,46403,2,,,Thu Aug 14 2025 10:56:47 GMT+0700 (Western Indonesia Time),5,Thu Aug 14 2025 10:56:47 GMT+0700 (Western Indonesia Time),
289,14403,2,,,Thu Aug 14 2025 16:07:20 GMT+0700 (Western Indonesia Time),5,Thu Aug 14 2025 16:07:20 GMT+0700 (Western Indonesia Time),
290,13201,2,Vantage,,Fri Aug 15 2025 08:29:19 GMT+0700 (Western Indonesia Time),5,Fri Aug 15 2025 08:29:19 GMT+0700 (Western Indonesia Time),
291,14201,2,,,Fri Aug 15 2025 09:32:23 GMT+0700 (Western Indonesia Time),5,Fri Aug 15 2025 09:32:23 GMT+0700 (Western Indonesia Time),
292,14207,2,,,Fri Aug 15 2025 09:32:54 GMT+0700 (Western Indonesia Time),5,Fri Aug 15 2025 09:32:54 GMT+0700 (Western Indonesia Time),
293,74201,2,,,Fri Aug 15 2025 09:36:16 GMT+0700 (Western Indonesia Time),5,Fri Aug 15 2025 09:36:16 GMT+0700 (Western Indonesia Time),
294,45925ST,2,,,Sat Aug 16 2025 14:23:27 GMT+0700 (Western Indonesia Time),5,Sat Aug 16 2025 14:23:27 GMT+0700 (Western Indonesia Time),
295,18702,2,Reedbuck,,Tue Aug 19 2025 13:23:14 GMT+0700 (Western Indonesia Time),5,Tue Aug 19 2025 13:23:14 GMT+0700 (Western Indonesia Time),
296,83250,2,Urbane,,Tue Aug 19 2025 13:28:30 GMT+0700 (Western Indonesia Time),5,Tue Aug 19 2025 13:28:30 GMT+0700 (Western Indonesia Time),
297,11885,2,Stout,,Wed Aug 20 2025 10:27:39 GMT+0700 (Western Indonesia Time),5,Wed Aug 20 2025 10:27:39 GMT+0700 (Western Indonesia Time),
298,01402,2,,,Wed Aug 20 2025 10:28:28 GMT+0700 (Western Indonesia Time),5,Wed Aug 20 2025 10:28:28 GMT+0700 (Western Indonesia Time),
299,72301,2,Black Veil,,Wed Aug 20 2025 13:21:29 GMT+0700 (Western Indonesia Time),5,Wed Aug 20 2025 13:21:29 GMT+0700 (Western Indonesia Time),
301,98204,2,,,Thu Aug 21 2025 15:36:06 GMT+0700 (Western Indonesia Time),5,Thu Aug 21 2025 15:36:06 GMT+0700 (Western Indonesia Time),
302,98215,2,,,Thu Aug 21 2025 15:37:22 GMT+0700 (Western Indonesia Time),5,Thu Aug 21 2025 15:37:22 GMT+0700 (Western Indonesia Time),
303,15255,2,,,Thu Aug 21 2025 15:38:32 GMT+0700 (Western Indonesia Time),5,Thu Aug 21 2025 15:38:32 GMT+0700 (Western Indonesia Time),
304,92709,2,,,Thu Aug 21 2025 15:39:09 GMT+0700 (Western Indonesia Time),5,Thu Aug 21 2025 15:39:09 GMT+0700 (Western Indonesia Time),
305,11484,2,,,Thu Aug 21 2025 15:39:41 GMT+0700 (Western Indonesia Time),5,Thu Aug 21 2025 15:39:41 GMT+0700 (Western Indonesia Time),
306,45211,2,,,Thu Aug 21 2025 15:40:22 GMT+0700 (Western Indonesia Time),5,Thu Aug 21 2025 15:40:22 GMT+0700 (Western Indonesia Time),
307,45221,2,,,Thu Aug 21 2025 15:40:57 GMT+0700 (Western Indonesia Time),5,Thu Aug 21 2025 15:40:57 GMT+0700 (Western Indonesia Time),
308,92238,2,Dempsey,,Wed Aug 27 2025 09:32:45 GMT+0700 (Western Indonesia Time),5,Wed Aug 27 2025 09:32:45 GMT+0700 (Western Indonesia Time),
309,04603,2,Piere,,Wed Aug 27 2025 15:18:35 GMT+0700 (Western Indonesia Time),5,Wed Aug 27 2025 15:18:35 GMT+0700 (Western Indonesia Time),
311,11304,2,,,Wed Aug 27 2025 15:23:42 GMT+0700 (Western Indonesia Time),5,Wed Aug 27 2025 15:23:42 GMT+0700 (Western Indonesia Time),
312,11247,2,,,Wed Aug 27 2025 15:24:13 GMT+0700 (Western Indonesia Time),5,Wed Aug 27 2025 15:24:13 GMT+0700 (Western Indonesia Time),
313,45412ST,2,Vibrant ST,,Thu Aug 28 2025 08:05:59 GMT+0700 (Western Indonesia Time),5,Thu Aug 28 2025 08:05:59 GMT+0700 (Western Indonesia Time),
300,98214,2,,,Thu Aug 21 2025 15:35:28 GMT+0700 (Western Indonesia Time),5,Fri Aug 29 2025 13:32:22 GMT+0700 (Western Indonesia Time),5
316,92222,2,,,Mon Sep 01 2025 09:55:59 GMT+0700 (Western Indonesia Time),5,Mon Sep 01 2025 09:55:59 GMT+0700 (Western Indonesia Time),
317,14401,2,,,Mon Sep 01 2025 11:06:38 GMT+0700 (Western Indonesia Time),5,Mon Sep 01 2025 11:06:38 GMT+0700 (Western Indonesia Time),
318,00504,3,Freya,,Tue Sep 02 2025 09:22:02 GMT+0700 (Western Indonesia Time),5,Tue Sep 02 2025 09:22:02 GMT+0700 (Western Indonesia Time),
319,92225,2,Petra,,Thu Sep 04 2025 12:57:52 GMT+0700 (Western Indonesia Time),5,Thu Sep 04 2025 12:57:52 GMT+0700 (Western Indonesia Time),
320,92926,2,,,Sat Sep 06 2025 10:12:55 GMT+0700 (Western Indonesia Time),5,Sat Sep 06 2025 10:12:55 GMT+0700 (Western Indonesia Time),
321,86813,2,,,Tue Sep 09 2025 09:11:51 GMT+0700 (Western Indonesia Time),5,Tue Sep 09 2025 09:11:51 GMT+0700 (Western Indonesia Time),
324,95931,2,,,Mon Sep 15 2025 14:04:17 GMT+0700 (Western Indonesia Time),5,Mon Sep 15 2025 14:04:17 GMT+0700 (Western Indonesia Time),
325,65104,1,,,Tue Sep 16 2025 09:42:37 GMT+0700 (Western Indonesia Time),5,Tue Sep 16 2025 09:42:37 GMT+0700 (Western Indonesia Time),
326,59210,1,Norte,,Wed Sep 17 2025 11:17:52 GMT+0700 (Western Indonesia Time),5,Wed Sep 17 2025 11:17:52 GMT+0700 (Western Indonesia Time),
327,05208,2,,,Sat Sep 20 2025 14:38:09 GMT+0700 (Western Indonesia Time),5,Sat Sep 20 2025 14:38:09 GMT+0700 (Western Indonesia Time),
328,64105,1,Kare,,Mon Sep 22 2025 09:17:09 GMT+0700 (Western Indonesia Time),5,Mon Sep 22 2025 09:17:09 GMT+0700 (Western Indonesia Time),
329,45529,2,,,Tue Sep 23 2025 08:05:05 GMT+0700 (Western Indonesia Time),5,Tue Sep 23 2025 08:05:05 GMT+0700 (Western Indonesia Time),
330,95525,2,Cruiser Rampart,,Wed Oct 01 2025 08:54:47 GMT+0700 (Western Indonesia Time),5,Wed Oct 01 2025 08:54:47 GMT+0700 (Western Indonesia Time),
331,02205,3,Florence,,Wed Oct 01 2025 09:08:17 GMT+0700 (Western Indonesia Time),5,Wed Oct 01 2025 09:08:17 GMT+0700 (Western Indonesia Time),
332,56103,1,,,Wed Oct 01 2025 09:32:32 GMT+0700 (Western Indonesia Time),5,Wed Oct 01 2025 09:32:32 GMT+0700 (Western Indonesia Time),
334,95222,2,,,Wed Oct 01 2025 13:28:41 GMT+0700 (Western Indonesia Time),5,Wed Oct 01 2025 13:28:41 GMT+0700 (Western Indonesia Time),
335,64138,1,,,Wed Oct 01 2025 13:29:17 GMT+0700 (Western Indonesia Time),5,Wed Oct 01 2025 13:29:17 GMT+0700 (Western Indonesia Time),
336,64133,1,,,Wed Oct 01 2025 13:29:44 GMT+0700 (Western Indonesia Time),5,Wed Oct 01 2025 13:29:44 GMT+0700 (Western Indonesia Time),
310,45402ST,2,,,Wed Aug 27 2025 15:21:23 GMT+0700 (Western Indonesia Time),5,Wed Nov 12 2025 10:20:39 GMT+0700 (Western Indonesia Time),5
272,92213,2,Zeal,,Mon Jul 28 2025 10:11:17 GMT+0700 (Western Indonesia Time),5,Wed Dec 24 2025 09:01:15 GMT+0700 (Western Indonesia Time),5
333,93202,2,Resurgent,,Wed Oct 01 2025 13:25:06 GMT+0700 (Western Indonesia Time),5,Thu Feb 19 2026 14:22:43 GMT+0700 (Western Indonesia Time),5
337,90203,2,Grove,,Thu Oct 02 2025 08:19:24 GMT+0700 (Western Indonesia Time),5,Thu Oct 02 2025 08:19:24 GMT+0700 (Western Indonesia Time),
338,00106,3,Elaine,,Fri Oct 03 2025 08:05:43 GMT+0700 (Western Indonesia Time),5,Fri Oct 03 2025 08:05:43 GMT+0700 (Western Indonesia Time),
339,00111,3,Lori,,Sat Oct 04 2025 08:07:26 GMT+0700 (Western Indonesia Time),5,Sat Oct 04 2025 08:07:26 GMT+0700 (Western Indonesia Time),
340,65401,1,Tanjidor,,Mon Oct 06 2025 17:46:58 GMT+0700 (Western Indonesia Time),5,Mon Oct 06 2025 17:46:58 GMT+0700 (Western Indonesia Time),
341,15102,2,,,Wed Oct 08 2025 11:37:00 GMT+0700 (Western Indonesia Time),5,Wed Oct 08 2025 11:37:00 GMT+0700 (Western Indonesia Time),
342,05401,2,Roam401,,Wed Oct 08 2025 12:56:52 GMT+0700 (Western Indonesia Time),5,Wed Oct 08 2025 12:56:52 GMT+0700 (Western Indonesia Time),
343,95217,2,,,Wed Oct 08 2025 15:02:34 GMT+0700 (Western Indonesia Time),5,Wed Oct 08 2025 15:02:34 GMT+0700 (Western Indonesia Time),
344,01902,2,Prestige Henri,,Thu Oct 09 2025 13:21:51 GMT+0700 (Western Indonesia Time),5,Thu Oct 09 2025 13:21:51 GMT+0700 (Western Indonesia Time),
345,92305,2,,,Fri Oct 10 2025 14:29:12 GMT+0700 (Western Indonesia Time),5,Fri Oct 10 2025 14:29:12 GMT+0700 (Western Indonesia Time),
346,56201,1,,,Fri Oct 10 2025 15:11:58 GMT+0700 (Western Indonesia Time),5,Fri Oct 10 2025 15:11:58 GMT+0700 (Western Indonesia Time),
347,90202,2,,,Fri Oct 10 2025 15:13:26 GMT+0700 (Western Indonesia Time),5,Fri Oct 10 2025 15:13:26 GMT+0700 (Western Indonesia Time),
348,46802,2,Karl,,Mon Oct 13 2025 09:10:36 GMT+0700 (Western Indonesia Time),5,Mon Oct 13 2025 09:10:36 GMT+0700 (Western Indonesia Time),
349,26102,3,Naomi,,Tue Oct 14 2025 13:43:55 GMT+0700 (Western Indonesia Time),5,Tue Oct 14 2025 13:43:55 GMT+0700 (Western Indonesia Time),
351,45926ST,2,,,Thu Oct 16 2025 08:01:44 GMT+0700 (Western Indonesia Time),5,Thu Oct 16 2025 08:02:16 GMT+0700 (Western Indonesia Time),5
352,03306,3,Clio,,Fri Oct 17 2025 15:31:48 GMT+0700 (Western Indonesia Time),5,Fri Oct 17 2025 15:31:48 GMT+0700 (Western Indonesia Time),
353,68301,2,Virtuoso,,Tue Oct 21 2025 08:48:19 GMT+0700 (Western Indonesia Time),5,Tue Oct 21 2025 08:48:19 GMT+0700 (Western Indonesia Time),
354,05403,2,Roam403,,Tue Oct 21 2025 08:49:32 GMT+0700 (Western Indonesia Time),5,Tue Oct 21 2025 08:49:32 GMT+0700 (Western Indonesia Time),
355,01401,2,Prestige Joan,,Thu Oct 23 2025 11:47:01 GMT+0700 (Western Indonesia Time),5,Thu Oct 23 2025 11:47:01 GMT+0700 (Western Indonesia Time),
356,00605,3,Adela,,Sat Oct 25 2025 08:15:32 GMT+0700 (Western Indonesia Time),5,Sat Oct 25 2025 08:15:32 GMT+0700 (Western Indonesia Time),
255,15226,2,Hornby,,Mon Jul 21 2025 16:05:55 GMT+0700 (Western Indonesia Time),5,Mon Oct 27 2025 09:21:06 GMT+0700 (Western Indonesia Time),5
357,92653,2,,,Thu Oct 30 2025 08:24:52 GMT+0700 (Western Indonesia Time),5,Thu Oct 30 2025 08:24:52 GMT+0700 (Western Indonesia Time),
359,05404,2,Roam 404,,Mon Nov 03 2025 13:48:36 GMT+0700 (Western Indonesia Time),5,Mon Nov 03 2025 13:48:36 GMT+0700 (Western Indonesia Time),
360,95501,2,Cruiser Keane,,Mon Nov 10 2025 14:28:48 GMT+0700 (Western Indonesia Time),5,Mon Nov 10 2025 14:28:48 GMT+0700 (Western Indonesia Time),
361,00904,3,Peace,,Tue Nov 11 2025 08:57:12 GMT+0700 (Western Indonesia Time),5,Tue Nov 11 2025 08:57:12 GMT+0700 (Western Indonesia Time),
362,65101,1,Algar,,Wed Nov 12 2025 10:27:26 GMT+0700 (Western Indonesia Time),5,Wed Nov 12 2025 10:27:26 GMT+0700 (Western Indonesia Time),
363,00404,3,Emilia,,Wed Nov 12 2025 11:30:19 GMT+0700 (Western Indonesia Time),5,Wed Nov 12 2025 11:30:19 GMT+0700 (Western Indonesia Time),
364,05402,2,Roam 402,,Wed Nov 12 2025 11:38:36 GMT+0700 (Western Indonesia Time),5,Wed Nov 12 2025 11:38:36 GMT+0700 (Western Indonesia Time),
365,28301,2,Swift,,Wed Nov 12 2025 11:42:53 GMT+0700 (Western Indonesia Time),5,Wed Nov 12 2025 11:42:53 GMT+0700 (Western Indonesia Time),
366,45512ST,2,Robust 512,,Fri Nov 14 2025 09:04:56 GMT+0700 (Western Indonesia Time),5,Fri Nov 14 2025 09:04:56 GMT+0700 (Western Indonesia Time),
367,68801,2,Versario,,Sat Nov 15 2025 08:15:52 GMT+0700 (Western Indonesia Time),5,Sat Nov 15 2025 08:15:52 GMT+0700 (Western Indonesia Time),
368,03305,3,Cybele,,Tue Nov 18 2025 14:14:07 GMT+0700 (Western Indonesia Time),5,Tue Nov 18 2025 14:14:07 GMT+0700 (Western Indonesia Time),
369,00102,3,Liberty,,Sat Nov 29 2025 14:00:45 GMT+0700 (Western Indonesia Time),5,Sat Nov 29 2025 14:00:45 GMT+0700 (Western Indonesia Time),
370,09204,2,,,Thu Dec 04 2025 15:48:16 GMT+0700 (Western Indonesia Time),5,Thu Dec 04 2025 15:48:16 GMT+0700 (Western Indonesia Time),
371,91312,2,,,Sat Dec 06 2025 13:12:28 GMT+0700 (Western Indonesia Time),5,Sat Dec 06 2025 13:12:28 GMT+0700 (Western Indonesia Time),
373,95211,2,Cruiser Kawi,,Wed Dec 10 2025 11:46:27 GMT+0700 (Western Indonesia Time),5,Wed Dec 10 2025 11:46:27 GMT+0700 (Western Indonesia Time),
374,41404,2,,,Wed Dec 10 2025 14:54:41 GMT+0700 (Western Indonesia Time),5,Wed Dec 10 2025 14:54:41 GMT+0700 (Western Indonesia Time),
375,29305,2,Chekker305,,Sat Dec 13 2025 15:07:49 GMT+0700 (Western Indonesia Time),5,Sat Dec 13 2025 15:07:49 GMT+0700 (Western Indonesia Time),
376,10114,3,Leyna,,Mon Dec 15 2025 08:51:11 GMT+0700 (Western Indonesia Time),5,Mon Dec 15 2025 08:51:11 GMT+0700 (Western Indonesia Time),
377,00701,3,Lara,,Mon Dec 15 2025 08:52:45 GMT+0700 (Western Indonesia Time),5,Mon Dec 15 2025 08:52:45 GMT+0700 (Western Indonesia Time),
379,92401,2,Interstellar,,Mon Dec 15 2025 15:21:07 GMT+0700 (Western Indonesia Time),5,Mon Dec 15 2025 15:21:07 GMT+0700 (Western Indonesia Time),
378,95414,2,,,Mon Dec 15 2025 14:38:01 GMT+0700 (Western Indonesia Time),5,Wed Dec 17 2025 13:33:22 GMT+0700 (Western Indonesia Time),5
380,83246,2,,,Thu Dec 18 2025 08:54:11 GMT+0700 (Western Indonesia Time),5,Thu Dec 18 2025 08:54:11 GMT+0700 (Western Indonesia Time),
381,64140,1,,,Thu Dec 18 2025 08:55:13 GMT+0700 (Western Indonesia Time),5,Thu Dec 18 2025 08:55:13 GMT+0700 (Western Indonesia Time),
382,64141,1,,,Thu Dec 18 2025 08:56:23 GMT+0700 (Western Indonesia Time),5,Thu Dec 18 2025 08:56:23 GMT+0700 (Western Indonesia Time),
383,64137,1,,,Thu Dec 18 2025 08:57:40 GMT+0700 (Western Indonesia Time),5,Thu Dec 18 2025 08:57:40 GMT+0700 (Western Indonesia Time),
384,92911,3,,,Thu Dec 18 2025 16:03:02 GMT+0700 (Western Indonesia Time),5,Thu Dec 18 2025 16:03:02 GMT+0700 (Western Indonesia Time),
385,11509,2,,,Fri Dec 19 2025 15:59:57 GMT+0700 (Western Indonesia Time),5,Fri Dec 19 2025 15:59:57 GMT+0700 (Western Indonesia Time),
386,00407,3,Elzira,,Tue Dec 23 2025 16:47:43 GMT+0700 (Western Indonesia Time),5,Tue Dec 23 2025 16:47:43 GMT+0700 (Western Indonesia Time),
387,68302,2,Diletante,,Tue Dec 23 2025 16:48:22 GMT+0700 (Western Indonesia Time),5,Tue Dec 23 2025 16:48:22 GMT+0700 (Western Indonesia Time),
389,26101,3,Nathania,,Fri Dec 26 2025 09:14:01 GMT+0700 (Western Indonesia Time),5,Fri Dec 26 2025 09:14:01 GMT+0700 (Western Indonesia Time),
391,92255,2,,,Sat Dec 27 2025 10:19:05 GMT+0700 (Western Indonesia Time),5,Sat Dec 27 2025 10:19:05 GMT+0700 (Western Indonesia Time),
392,64223,1,,,Sat Dec 27 2025 14:30:44 GMT+0700 (Western Indonesia Time),5,Sat Dec 27 2025 14:30:44 GMT+0700 (Western Indonesia Time),
393,64207,1,,,Sat Dec 27 2025 14:30:53 GMT+0700 (Western Indonesia Time),5,Sat Dec 27 2025 14:30:53 GMT+0700 (Western Indonesia Time),
394,65601,1,,,Tue Dec 30 2025 09:03:37 GMT+0700 (Western Indonesia Time),5,Tue Dec 30 2025 09:03:37 GMT+0700 (Western Indonesia Time),
395,92216,2,,,Tue Dec 30 2025 09:31:12 GMT+0700 (Western Indonesia Time),5,Tue Dec 30 2025 09:31:12 GMT+0700 (Western Indonesia Time),
396,43501,2,,,Wed Dec 31 2025 15:24:47 GMT+0700 (Western Indonesia Time),5,Wed Dec 31 2025 15:24:47 GMT+0700 (Western Indonesia Time),
397,00107,3,Elinor,,Mon Jan 05 2026 10:41:18 GMT+0700 (Western Indonesia Time),5,Mon Jan 05 2026 10:41:18 GMT+0700 (Western Indonesia Time),
398,92511,2,Grandeur,,Fri Jan 09 2026 17:07:36 GMT+0700 (Western Indonesia Time),5,Fri Jan 09 2026 17:07:36 GMT+0700 (Western Indonesia Time),
399,92823,2,,,Sat Jan 10 2026 09:08:28 GMT+0700 (Western Indonesia Time),5,Sat Jan 10 2026 09:08:28 GMT+0700 (Western Indonesia Time),
400,28203,2,Contingent,,Sat Jan 10 2026 10:52:09 GMT+0700 (Western Indonesia Time),5,Sat Jan 10 2026 10:52:09 GMT+0700 (Western Indonesia Time),
401,11501,2,,,Mon Jan 12 2026 16:56:22 GMT+0700 (Western Indonesia Time),5,Mon Jan 12 2026 16:56:22 GMT+0700 (Western Indonesia Time),
402,40202,2,,,Mon Jan 12 2026 16:57:06 GMT+0700 (Western Indonesia Time),5,Mon Jan 12 2026 16:57:06 GMT+0700 (Western Indonesia Time),
403,56113,1,,,Tue Jan 13 2026 15:46:59 GMT+0700 (Western Indonesia Time),5,Tue Jan 13 2026 15:46:59 GMT+0700 (Western Indonesia Time),
404,04605,2,Owen,,Sat Jan 17 2026 08:27:41 GMT+0700 (Western Indonesia Time),5,Sat Jan 17 2026 08:27:41 GMT+0700 (Western Indonesia Time),
405,65209,1,,,Mon Jan 19 2026 16:08:35 GMT+0700 (Western Indonesia Time),5,Mon Jan 19 2026 16:08:35 GMT+0700 (Western Indonesia Time),
406,11259,2,,,Tue Jan 20 2026 14:05:03 GMT+0700 (Western Indonesia Time),5,Tue Jan 20 2026 14:05:03 GMT+0700 (Western Indonesia Time),
407,56110,1,,,Tue Jan 20 2026 14:18:33 GMT+0700 (Western Indonesia Time),5,Tue Jan 20 2026 14:18:33 GMT+0700 (Western Indonesia Time),
408,10112,3,Lasmira,,Wed Jan 21 2026 13:39:08 GMT+0700 (Western Indonesia Time),5,Wed Jan 21 2026 13:39:08 GMT+0700 (Western Indonesia Time),
409,93501,2,,,Wed Jan 21 2026 16:53:06 GMT+0700 (Western Indonesia Time),5,Wed Jan 21 2026 16:53:06 GMT+0700 (Western Indonesia Time),
410,47403,2,,,Fri Jan 23 2026 07:59:17 GMT+0700 (Western Indonesia Time),5,Fri Jan 23 2026 07:59:17 GMT+0700 (Western Indonesia Time),
411,15210,2,,,Fri Jan 23 2026 08:07:08 GMT+0700 (Western Indonesia Time),5,Fri Jan 23 2026 08:07:08 GMT+0700 (Western Indonesia Time),
412,97403,2,Topaz,,Sat Jan 24 2026 08:18:07 GMT+0700 (Western Indonesia Time),5,Sat Jan 24 2026 08:18:07 GMT+0700 (Western Indonesia Time),
413,05601,2,Serge,,Fri Jan 30 2026 14:38:41 GMT+0700 (Western Indonesia Time),5,Fri Jan 30 2026 14:38:41 GMT+0700 (Western Indonesia Time),
414,97304,2,Topaz,,Fri Jan 30 2026 15:17:28 GMT+0700 (Western Indonesia Time),5,Fri Jan 30 2026 15:17:28 GMT+0700 (Western Indonesia Time),
415,68209,2,,,Fri Jan 30 2026 16:05:23 GMT+0700 (Western Indonesia Time),5,Fri Jan 30 2026 16:05:23 GMT+0700 (Western Indonesia Time),
416,68208,2,,,Fri Jan 30 2026 16:05:55 GMT+0700 (Western Indonesia Time),5,Fri Jan 30 2026 16:05:55 GMT+0700 (Western Indonesia Time),
417,45420ST,2,,,Mon Feb 02 2026 10:32:37 GMT+0700 (Western Indonesia Time),5,Mon Feb 02 2026 10:34:13 GMT+0700 (Western Indonesia Time),5
419,92228,2,,,Wed Feb 04 2026 09:07:08 GMT+0700 (Western Indonesia Time),5,Wed Feb 04 2026 09:07:08 GMT+0700 (Western Indonesia Time),
420,85408,2,Chester Stable,,Mon Feb 09 2026 10:55:31 GMT+0700 (Western Indonesia Time),5,Mon Feb 09 2026 10:55:31 GMT+0700 (Western Indonesia Time),
421,92451,2,Rudiger,,Tue Feb 10 2026 08:32:09 GMT+0700 (Western Indonesia Time),5,Tue Feb 10 2026 08:32:09 GMT+0700 (Western Indonesia Time),
422,59113,1,Dakota,,Thu Feb 19 2026 14:17:30 GMT+0700 (Western Indonesia Time),5,Thu Feb 19 2026 14:17:30 GMT+0700 (Western Indonesia Time),
423,56107,1,,,Fri Feb 20 2026 09:04:39 GMT+0700 (Western Indonesia Time),5,Fri Feb 20 2026 09:04:39 GMT+0700 (Western Indonesia Time),
424,56202,1,,,Fri Feb 20 2026 09:17:36 GMT+0700 (Western Indonesia Time),5,Fri Feb 20 2026 09:17:36 GMT+0700 (Western Indonesia Time),
425,92309,2,,,Fri Feb 20 2026 09:22:55 GMT+0700 (Western Indonesia Time),5,Fri Feb 20 2026 09:22:55 GMT+0700 (Western Indonesia Time),
426,00402,3,,,Thu Feb 26 2026 10:42:12 GMT+0700 (Western Indonesia Time),5,Thu Feb 26 2026 10:42:12 GMT+0700 (Western Indonesia Time),
427,28703,2,Vigil,,Fri Feb 27 2026 14:28:28 GMT+0700 (Western Indonesia Time),5,Fri Feb 27 2026 14:28:28 GMT+0700 (Western Indonesia Time),
428,94304,2,,,Sat Feb 28 2026 08:32:14 GMT+0700 (Western Indonesia Time),5,Sat Feb 28 2026 08:32:14 GMT+0700 (Western Indonesia Time),
429,94704,2,,,Sat Feb 28 2026 10:25:27 GMT+0700 (Western Indonesia Time),5,Sat Feb 28 2026 10:25:27 GMT+0700 (Western Indonesia Time),
430,18201,2,Caribou Cino,,Mon Mar 02 2026 15:32:41 GMT+0700 (Western Indonesia Time),5,Mon Mar 02 2026 15:32:41 GMT+0700 (Western Indonesia Time),
431,56111,1,Bara,,Tue Mar 03 2026 08:43:12 GMT+0700 (Western Indonesia Time),5,Tue Mar 03 2026 08:43:12 GMT+0700 (Western Indonesia Time),
433,59217,1,Tomini,,Mon Mar 09 2026 16:50:22 GMT+0700 (Western Indonesia Time),5,Mon Mar 09 2026 16:50:22 GMT+0700 (Western Indonesia Time),
434,59115,1,Santorini,,Wed Mar 11 2026 13:31:34 GMT+0700 (Western Indonesia Time),5,Wed Mar 11 2026 13:31:34 GMT+0700 (Western Indonesia Time),
435,97202,2,Ruby,,Thu Mar 12 2026 16:09:05 GMT+0700 (Western Indonesia Time),5,Thu Mar 12 2026 16:09:05 GMT+0700 (Western Indonesia Time),
432,39201,1,,,Fri Mar 06 2026 09:43:50 GMT+0700 (Western Indonesia Time),5,Sat Mar 14 2026 14:03:58 GMT+0700 (Western Indonesia Time),5
437,01903,2,Prestige Harald,,Mon Mar 16 2026 09:39:34 GMT+0700 (Western Indonesia Time),5,Mon Mar 16 2026 09:39:59 GMT+0700 (Western Indonesia Time),5
438,00303,3,Charlotte,,Mon Mar 16 2026 13:39:03 GMT+0700 (Western Indonesia Time),5,Mon Mar 16 2026 13:39:03 GMT+0700 (Western Indonesia Time),
439,71118,2,Venetian,,Thu Mar 26 2026 13:51:27 GMT+0700 (Western Indonesia Time),5,Thu Mar 26 2026 13:51:27 GMT+0700 (Western Indonesia Time),
440,68206,2,,,Thu Mar 26 2026 14:57:46 GMT+0700 (Western Indonesia Time),5,Thu Mar 26 2026 14:57:46 GMT+0700 (Western Indonesia Time),
441,02206,3,Emelia,,Tue Mar 31 2026 08:25:27 GMT+0700 (Western Indonesia Time),5,Tue Mar 31 2026 08:25:27 GMT+0700 (Western Indonesia Time),
390,00901,3,Pearl/Pixie,,Fri Dec 26 2025 09:14:42 GMT+0700 (Western Indonesia Time),5,Tue Mar 31 2026 08:26:44 GMT+0700 (Western Indonesia Time),5
442,00802,3,Aeleasha,,Mon Apr 06 2026 08:52:34 GMT+0700 (Western Indonesia Time),5,Mon Apr 06 2026 08:52:34 GMT+0700 (Western Indonesia Time),
443,64130,1,Ora,,Sat Apr 18 2026 10:21:42 GMT+0700 (Western Indonesia Time),5,Sat Apr 18 2026 10:21:42 GMT+0700 (Western Indonesia Time),
418,95220,2,Cruiser Fervor,,Wed Feb 04 2026 09:04:52 GMT+0700 (Western Indonesia Time),5,Mon Apr 20 2026 13:15:38 GMT+0700 (Western Indonesia Time),5
444,00101,3,Laura,,Mon Apr 20 2026 13:03:39 GMT+0700 (Western Indonesia Time),5,Mon Apr 20 2026 13:05:17 GMT+0700 (Western Indonesia Time),5
445,06201,2,,,Fri Apr 24 2026 15:51:50 GMT+0700 (Western Indonesia Time),5,Fri Apr 24 2026 15:51:50 GMT+0700 (Western Indonesia Time),
446,06202,2,,,Fri Apr 24 2026 15:52:02 GMT+0700 (Western Indonesia Time),5,Fri Apr 24 2026 15:52:02 GMT+0700 (Western Indonesia Time),
447,06203,2,,,Fri Apr 24 2026 15:52:13 GMT+0700 (Western Indonesia Time),5,Fri Apr 24 2026 15:52:13 GMT+0700 (Western Indonesia Time),
448,42201,2,,,Wed Apr 29 2026 14:39:47 GMT+0700 (Western Indonesia Time),5,Wed Apr 29 2026 14:39:47 GMT+0700 (Western Indonesia Time),
449,42202,2,,,Wed Apr 29 2026 14:39:55 GMT+0700 (Western Indonesia Time),5,Wed Apr 29 2026 14:39:55 GMT+0700 (Western Indonesia Time),
450,1407,2,,,Sun May 03 2026 16:20:07 GMT+0700 (Western Indonesia Time),1,Sun May 03 2026 16:20:07 GMT+0700 (Western Indonesia Time),
451,5212,2,,,Sun May 03 2026 16:20:07 GMT+0700 (Western Indonesia Time),1,Sun May 03 2026 16:20:07 GMT+0700 (Western Indonesia Time),
452,6901,2,,,Sun May 03 2026 16:20:07 GMT+0700 (Western Indonesia Time),1,Sun May 03 2026 16:20:07 GMT+0700 (Western Indonesia Time),
453,11424,2,,,Sun May 03 2026 16:20:07 GMT+0700 (Western Indonesia Time),1,Sun May 03 2026 16:20:07 GMT+0700 (Western Indonesia Time),
454,11901,2,,,Sun May 03 2026 16:20:07 GMT+0700 (Western Indonesia Time),1,Sun May 03 2026 16:20:07 GMT+0700 (Western Indonesia Time),
455,11902,2,,,Sun May 03 2026 16:20:07 GMT+0700 (Western Indonesia Time),1,Sun May 03 2026 16:20:07 GMT+0700 (Western Indonesia Time),
456,11903,2,,,Sun May 03 2026 16:20:07 GMT+0700 (Western Indonesia Time),1,Sun May 03 2026 16:20:07 GMT+0700 (Western Indonesia Time),
457,13502,2,,,Sun May 03 2026 16:20:07 GMT+0700 (Western Indonesia Time),1,Sun May 03 2026 16:20:07 GMT+0700 (Western Indonesia Time),
458,14203,2,,,Sun May 03 2026 16:20:07 GMT+0700 (Western Indonesia Time),1,Sun May 03 2026 16:20:07 GMT+0700 (Western Indonesia Time),
459,14208,2,,,Sun May 03 2026 16:20:07 GMT+0700 (Western Indonesia Time),1,Sun May 03 2026 16:20:07 GMT+0700 (Western Indonesia Time),
460,14405,2,,,Sun May 03 2026 16:20:07 GMT+0700 (Western Indonesia Time),1,Sun May 03 2026 16:20:07 GMT+0700 (Western Indonesia Time),
461,15202,2,,,Sun May 03 2026 16:20:07 GMT+0700 (Western Indonesia Time),1,Sun May 03 2026 16:20:07 GMT+0700 (Western Indonesia Time),
462,15203,2,,,Sun May 03 2026 16:20:07 GMT+0700 (Western Indonesia Time),1,Sun May 03 2026 16:20:07 GMT+0700 (Western Indonesia Time),
463,15211,2,,,Sun May 03 2026 16:20:07 GMT+0700 (Western Indonesia Time),1,Sun May 03 2026 16:20:07 GMT+0700 (Western Indonesia Time),
464,15219,2,,,Sun May 03 2026 16:20:07 GMT+0700 (Western Indonesia Time),1,Sun May 03 2026 16:20:07 GMT+0700 (Western Indonesia Time),
465,15225,2,,,Sun May 03 2026 16:20:07 GMT+0700 (Western Indonesia Time),1,Sun May 03 2026 16:20:07 GMT+0700 (Western Indonesia Time),
466,15256,2,,,Sun May 03 2026 16:20:07 GMT+0700 (Western Indonesia Time),1,Sun May 03 2026 16:20:07 GMT+0700 (Western Indonesia Time),
467,15702,2,,,Sun May 03 2026 16:20:07 GMT+0700 (Western Indonesia Time),1,Sun May 03 2026 16:20:07 GMT+0700 (Western Indonesia Time),
468,16650,2,,,Sun May 03 2026 16:20:07 GMT+0700 (Western Indonesia Time),1,Sun May 03 2026 16:20:07 GMT+0700 (Western Indonesia Time),
469,17205,2,,,Sun May 03 2026 16:20:07 GMT+0700 (Western Indonesia Time),1,Sun May 03 2026 16:20:07 GMT+0700 (Western Indonesia Time),
470,17610,2,,,Sun May 03 2026 16:20:07 GMT+0700 (Western Indonesia Time),1,Sun May 03 2026 16:20:07 GMT+0700 (Western Indonesia Time),
471,19602,2,,,Sun May 03 2026 16:20:07 GMT+0700 (Western Indonesia Time),1,Sun May 03 2026 16:20:07 GMT+0700 (Western Indonesia Time),
472,23302,2,,,Sun May 03 2026 16:20:07 GMT+0700 (Western Indonesia Time),1,Sun May 03 2026 16:20:07 GMT+0700 (Western Indonesia Time),
473,26301,2,,,Sun May 03 2026 16:20:07 GMT+0700 (Western Indonesia Time),1,Sun May 03 2026 16:20:07 GMT+0700 (Western Indonesia Time),
474,28205,2,,,Sun May 03 2026 16:20:07 GMT+0700 (Western Indonesia Time),1,Sun May 03 2026 16:20:07 GMT+0700 (Western Indonesia Time),
475,29302,2,,,Sun May 03 2026 16:20:07 GMT+0700 (Western Indonesia Time),1,Sun May 03 2026 16:20:07 GMT+0700 (Western Indonesia Time),
476,30809,2,,,Sun May 03 2026 16:20:07 GMT+0700 (Western Indonesia Time),1,Sun May 03 2026 16:20:07 GMT+0700 (Western Indonesia Time),
477,31063,2,,,Sun May 03 2026 16:20:07 GMT+0700 (Western Indonesia Time),1,Sun May 03 2026 16:20:07 GMT+0700 (Western Indonesia Time),
478,31201,2,,,Sun May 03 2026 16:20:07 GMT+0700 (Western Indonesia Time),1,Sun May 03 2026 16:20:07 GMT+0700 (Western Indonesia Time),
479,31203,2,,,Sun May 03 2026 16:20:07 GMT+0700 (Western Indonesia Time),1,Sun May 03 2026 16:20:07 GMT+0700 (Western Indonesia Time),
480,31252,2,,,Sun May 03 2026 16:20:07 GMT+0700 (Western Indonesia Time),1,Sun May 03 2026 16:20:07 GMT+0700 (Western Indonesia Time),
481,31603,2,,,Sun May 03 2026 16:20:07 GMT+0700 (Western Indonesia Time),1,Sun May 03 2026 16:20:07 GMT+0700 (Western Indonesia Time),
482,31653,2,,,Sun May 03 2026 16:20:07 GMT+0700 (Western Indonesia Time),1,Sun May 03 2026 16:20:07 GMT+0700 (Western Indonesia Time),
483,3301,2,,,Sun May 03 2026 16:20:07 GMT+0700 (Western Indonesia Time),1,Sun May 03 2026 16:20:07 GMT+0700 (Western Indonesia Time),
484,40204,2,,,Sun May 03 2026 16:20:07 GMT+0700 (Western Indonesia Time),1,Sun May 03 2026 16:20:07 GMT+0700 (Western Indonesia Time),
485,40206,2,,,Sun May 03 2026 16:20:07 GMT+0700 (Western Indonesia Time),1,Sun May 03 2026 16:20:07 GMT+0700 (Western Indonesia Time),
486,40401,2,,,Sun May 03 2026 16:20:07 GMT+0700 (Western Indonesia Time),1,Sun May 03 2026 16:20:07 GMT+0700 (Western Indonesia Time),
487,45201,2,,,Sun May 03 2026 16:20:07 GMT+0700 (Western Indonesia Time),1,Sun May 03 2026 16:20:07 GMT+0700 (Western Indonesia Time),
488,45218,2,,,Sun May 03 2026 16:20:07 GMT+0700 (Western Indonesia Time),1,Sun May 03 2026 16:20:07 GMT+0700 (Western Indonesia Time),
489,45402,2,,,Sun May 03 2026 16:20:07 GMT+0700 (Western Indonesia Time),1,Sun May 03 2026 16:20:07 GMT+0700 (Western Indonesia Time),
490,45409,2,,,Sun May 03 2026 16:20:07 GMT+0700 (Western Indonesia Time),1,Sun May 03 2026 16:20:07 GMT+0700 (Western Indonesia Time),
491,45504,2,,,Sun May 03 2026 16:20:07 GMT+0700 (Western Indonesia Time),1,Sun May 03 2026 16:20:07 GMT+0700 (Western Indonesia Time),
492,45526,2,,,Sun May 03 2026 16:20:07 GMT+0700 (Western Indonesia Time),1,Sun May 03 2026 16:20:07 GMT+0700 (Western Indonesia Time),
493,45925,2,,,Sun May 03 2026 16:20:07 GMT+0700 (Western Indonesia Time),1,Sun May 03 2026 16:20:07 GMT+0700 (Western Indonesia Time),
494,46402,2,,,Sun May 03 2026 16:20:07 GMT+0700 (Western Indonesia Time),1,Sun May 03 2026 16:20:07 GMT+0700 (Western Indonesia Time),
495,46501,2,,,Sun May 03 2026 16:20:07 GMT+0700 (Western Indonesia Time),1,Sun May 03 2026 16:20:07 GMT+0700 (Western Indonesia Time),
496,46803,2,,,Sun May 03 2026 16:20:07 GMT+0700 (Western Indonesia Time),1,Sun May 03 2026 16:20:07 GMT+0700 (Western Indonesia Time),
497,50302,2,,,Sun May 03 2026 16:20:07 GMT+0700 (Western Indonesia Time),1,Sun May 03 2026 16:20:07 GMT+0700 (Western Indonesia Time),
498,50304,2,,,Sun May 03 2026 16:20:07 GMT+0700 (Western Indonesia Time),1,Sun May 03 2026 16:20:07 GMT+0700 (Western Indonesia Time),
499,54107,2,,,Sun May 03 2026 16:20:07 GMT+0700 (Western Indonesia Time),1,Sun May 03 2026 16:20:07 GMT+0700 (Western Indonesia Time),
500,54202,2,,,Sun May 03 2026 16:20:07 GMT+0700 (Western Indonesia Time),1,Sun May 03 2026 16:20:07 GMT+0700 (Western Indonesia Time),
501,54206,2,,,Sun May 03 2026 16:20:07 GMT+0700 (Western Indonesia Time),1,Sun May 03 2026 16:20:07 GMT+0700 (Western Indonesia Time),
502,54207,2,,,Sun May 03 2026 16:20:07 GMT+0700 (Western Indonesia Time),1,Sun May 03 2026 16:20:07 GMT+0700 (Western Indonesia Time),
503,54214,2,,,Sun May 03 2026 16:20:07 GMT+0700 (Western Indonesia Time),1,Sun May 03 2026 16:20:07 GMT+0700 (Western Indonesia Time),
504,54216,2,,,Sun May 03 2026 16:20:07 GMT+0700 (Western Indonesia Time),1,Sun May 03 2026 16:20:07 GMT+0700 (Western Indonesia Time),
505,54217,2,,,Sun May 03 2026 16:20:07 GMT+0700 (Western Indonesia Time),1,Sun May 03 2026 16:20:07 GMT+0700 (Western Indonesia Time),
506,54218,2,,,Sun May 03 2026 16:20:07 GMT+0700 (Western Indonesia Time),1,Sun May 03 2026 16:20:07 GMT+0700 (Western Indonesia Time),
509,01407,2,,,Sun May 03 2026 16:31:42 GMT+0700 (Western Indonesia Time),1,Sun May 03 2026 16:31:42 GMT+0700 (Western Indonesia Time),
510,05212,2,,,Sun May 03 2026 16:31:42 GMT+0700 (Western Indonesia Time),1,Sun May 03 2026 16:31:42 GMT+0700 (Western Indonesia Time),
511,06901,2,,,Sun May 03 2026 16:31:42 GMT+0700 (Western Indonesia Time),1,Sun May 03 2026 16:31:42 GMT+0700 (Western Indonesia Time),
578,55118,1,,,Mon May 04 2026 17:53:11 GMT+0700 (Western Indonesia Time),1,Mon May 04 2026 17:53:11 GMT+0700 (Western Indonesia Time),
579,55143,1,,,Mon May 04 2026 17:53:11 GMT+0700 (Western Indonesia Time),1,Mon May 04 2026 17:53:11 GMT+0700 (Western Indonesia Time),
580,55201,1,,,Mon May 04 2026 17:53:11 GMT+0700 (Western Indonesia Time),1,Mon May 04 2026 17:53:11 GMT+0700 (Western Indonesia Time),
581,55206,1,,,Mon May 04 2026 17:53:11 GMT+0700 (Western Indonesia Time),1,Mon May 04 2026 17:53:11 GMT+0700 (Western Indonesia Time),
582,55216,1,,,Mon May 04 2026 17:53:11 GMT+0700 (Western Indonesia Time),1,Mon May 04 2026 17:53:11 GMT+0700 (Western Indonesia Time),
583,55218,1,,,Mon May 04 2026 17:53:11 GMT+0700 (Western Indonesia Time),1,Mon May 04 2026 17:53:11 GMT+0700 (Western Indonesia Time),
584,55219,1,,,Mon May 04 2026 17:53:11 GMT+0700 (Western Indonesia Time),1,Mon May 04 2026 17:53:11 GMT+0700 (Western Indonesia Time),
585,55601,1,,,Mon May 04 2026 17:53:11 GMT+0700 (Western Indonesia Time),1,Mon May 04 2026 17:53:11 GMT+0700 (Western Indonesia Time),
587,58103,1,,,Mon May 04 2026 17:53:11 GMT+0700 (Western Indonesia Time),1,Mon May 04 2026 17:53:11 GMT+0700 (Western Indonesia Time),
588,58202,1,,,Mon May 04 2026 17:53:11 GMT+0700 (Western Indonesia Time),1,Mon May 04 2026 17:53:11 GMT+0700 (Western Indonesia Time),
589,58603,1,,,Mon May 04 2026 17:53:11 GMT+0700 (Western Indonesia Time),1,Mon May 04 2026 17:53:11 GMT+0700 (Western Indonesia Time),
590,59105,1,,,Mon May 04 2026 17:53:11 GMT+0700 (Western Indonesia Time),1,Mon May 04 2026 17:53:11 GMT+0700 (Western Indonesia Time),
591,59107,1,,,Mon May 04 2026 17:53:11 GMT+0700 (Western Indonesia Time),1,Mon May 04 2026 17:53:11 GMT+0700 (Western Indonesia Time),
592,59111,1,,,Mon May 04 2026 17:53:11 GMT+0700 (Western Indonesia Time),1,Mon May 04 2026 17:53:11 GMT+0700 (Western Indonesia Time),
593,59114,1,,,Mon May 04 2026 17:53:11 GMT+0700 (Western Indonesia Time),1,Mon May 04 2026 17:53:11 GMT+0700 (Western Indonesia Time),
594,59119,1,,,Mon May 04 2026 17:53:11 GMT+0700 (Western Indonesia Time),1,Mon May 04 2026 17:53:11 GMT+0700 (Western Indonesia Time),
595,59126,1,,,Mon May 04 2026 17:53:11 GMT+0700 (Western Indonesia Time),1,Mon May 04 2026 17:53:11 GMT+0700 (Western Indonesia Time),
596,59203,1,,,Mon May 04 2026 17:53:11 GMT+0700 (Western Indonesia Time),1,Mon May 04 2026 17:53:11 GMT+0700 (Western Indonesia Time),
597,59205,1,,,Mon May 04 2026 17:53:11 GMT+0700 (Western Indonesia Time),1,Mon May 04 2026 17:53:11 GMT+0700 (Western Indonesia Time),
598,59219,1,,,Mon May 04 2026 17:53:11 GMT+0700 (Western Indonesia Time),1,Mon May 04 2026 17:53:11 GMT+0700 (Western Indonesia Time),
599,59502,1,,,Mon May 04 2026 17:53:11 GMT+0700 (Western Indonesia Time),1,Mon May 04 2026 17:53:11 GMT+0700 (Western Indonesia Time),
600,61101,1,,,Mon May 04 2026 17:53:11 GMT+0700 (Western Indonesia Time),1,Mon May 04 2026 17:53:11 GMT+0700 (Western Indonesia Time),
601,61106,1,,,Mon May 04 2026 17:53:11 GMT+0700 (Western Indonesia Time),1,Mon May 04 2026 17:53:11 GMT+0700 (Western Indonesia Time),
602,61121,1,,,Mon May 04 2026 17:53:11 GMT+0700 (Western Indonesia Time),1,Mon May 04 2026 17:53:11 GMT+0700 (Western Indonesia Time),
603,62103,1,,,Mon May 04 2026 17:53:11 GMT+0700 (Western Indonesia Time),1,Mon May 04 2026 17:53:11 GMT+0700 (Western Indonesia Time),
604,62106,1,,,Mon May 04 2026 17:53:11 GMT+0700 (Western Indonesia Time),1,Mon May 04 2026 17:53:11 GMT+0700 (Western Indonesia Time),
605,62202,1,,,Mon May 04 2026 17:53:11 GMT+0700 (Western Indonesia Time),1,Mon May 04 2026 17:53:11 GMT+0700 (Western Indonesia Time),
606,63102,1,,,Mon May 04 2026 17:53:11 GMT+0700 (Western Indonesia Time),1,Mon May 04 2026 17:53:11 GMT+0700 (Western Indonesia Time),
607,63103,1,,,Mon May 04 2026 17:53:11 GMT+0700 (Western Indonesia Time),1,Mon May 04 2026 17:53:11 GMT+0700 (Western Indonesia Time),
608,63104,1,,,Mon May 04 2026 17:53:11 GMT+0700 (Western Indonesia Time),1,Mon May 04 2026 17:53:11 GMT+0700 (Western Indonesia Time),
609,63105,1,,,Mon May 04 2026 17:53:11 GMT+0700 (Western Indonesia Time),1,Mon May 04 2026 17:53:11 GMT+0700 (Western Indonesia Time),
610,63106,1,,,Mon May 04 2026 17:53:11 GMT+0700 (Western Indonesia Time),1,Mon May 04 2026 17:53:11 GMT+0700 (Western Indonesia Time),
611,63107,1,,,Mon May 04 2026 17:53:11 GMT+0700 (Western Indonesia Time),1,Mon May 04 2026 17:53:11 GMT+0700 (Western Indonesia Time),
612,63301,1,,,Mon May 04 2026 17:53:11 GMT+0700 (Western Indonesia Time),1,Mon May 04 2026 17:53:11 GMT+0700 (Western Indonesia Time),
613,63302,1,,,Mon May 04 2026 17:53:11 GMT+0700 (Western Indonesia Time),1,Mon May 04 2026 17:53:11 GMT+0700 (Western Indonesia Time),
614,64111,1,,,Mon May 04 2026 17:53:11 GMT+0700 (Western Indonesia Time),1,Mon May 04 2026 17:53:11 GMT+0700 (Western Indonesia Time),
615,64117,1,,,Mon May 04 2026 17:53:11 GMT+0700 (Western Indonesia Time),1,Mon May 04 2026 17:53:11 GMT+0700 (Western Indonesia Time),
616,64120,1,,,Mon May 04 2026 17:53:11 GMT+0700 (Western Indonesia Time),1,Mon May 04 2026 17:53:11 GMT+0700 (Western Indonesia Time),
617,64126,1,,,Mon May 04 2026 17:53:11 GMT+0700 (Western Indonesia Time),1,Mon May 04 2026 17:53:11 GMT+0700 (Western Indonesia Time),
618,64136,1,,,Mon May 04 2026 17:53:11 GMT+0700 (Western Indonesia Time),1,Mon May 04 2026 17:53:11 GMT+0700 (Western Indonesia Time),
619,64213,1,,,Mon May 04 2026 17:53:11 GMT+0700 (Western Indonesia Time),1,Mon May 04 2026 17:53:11 GMT+0700 (Western Indonesia Time),
620,64215,1,,,Mon May 04 2026 17:53:11 GMT+0700 (Western Indonesia Time),1,Mon May 04 2026 17:53:11 GMT+0700 (Western Indonesia Time),
621,65103,1,,,Mon May 04 2026 17:53:11 GMT+0700 (Western Indonesia Time),1,Mon May 04 2026 17:53:11 GMT+0700 (Western Indonesia Time),
622,68201,2,,,Mon May 04 2026 17:53:11 GMT+0700 (Western Indonesia Time),1,Mon May 04 2026 17:53:11 GMT+0700 (Western Indonesia Time),
623,68204,2,,,Mon May 04 2026 17:53:11 GMT+0700 (Western Indonesia Time),1,Mon May 04 2026 17:53:11 GMT+0700 (Western Indonesia Time),
624,68207,2,,,Mon May 04 2026 17:53:11 GMT+0700 (Western Indonesia Time),1,Mon May 04 2026 17:53:11 GMT+0700 (Western Indonesia Time),
625,68211,2,,,Mon May 04 2026 17:53:11 GMT+0700 (Western Indonesia Time),1,Mon May 04 2026 17:53:11 GMT+0700 (Western Indonesia Time),
626,70201,2,,,Mon May 04 2026 17:53:11 GMT+0700 (Western Indonesia Time),1,Mon May 04 2026 17:53:11 GMT+0700 (Western Indonesia Time),
627,70203,2,,,Mon May 04 2026 17:53:11 GMT+0700 (Western Indonesia Time),1,Mon May 04 2026 17:53:11 GMT+0700 (Western Indonesia Time),
628,71102,2,,,Mon May 04 2026 17:53:11 GMT+0700 (Western Indonesia Time),1,Mon May 04 2026 17:53:11 GMT+0700 (Western Indonesia Time),
629,7111,2,,,Mon May 04 2026 17:53:11 GMT+0700 (Western Indonesia Time),1,Mon May 04 2026 17:53:11 GMT+0700 (Western Indonesia Time),
630,71113,2,,,Mon May 04 2026 17:53:11 GMT+0700 (Western Indonesia Time),1,Mon May 04 2026 17:53:11 GMT+0700 (Western Indonesia Time),
631,71114,2,,,Mon May 04 2026 17:53:11 GMT+0700 (Western Indonesia Time),1,Mon May 04 2026 17:53:11 GMT+0700 (Western Indonesia Time),
632,72107,2,,,Mon May 04 2026 17:53:11 GMT+0700 (Western Indonesia Time),1,Mon May 04 2026 17:53:11 GMT+0700 (Western Indonesia Time),
633,73201,2,,,Mon May 04 2026 17:53:11 GMT+0700 (Western Indonesia Time),1,Mon May 04 2026 17:53:11 GMT+0700 (Western Indonesia Time),
634,75201,2,,,Mon May 04 2026 17:53:11 GMT+0700 (Western Indonesia Time),1,Mon May 04 2026 17:53:11 GMT+0700 (Western Indonesia Time),
635,75204,2,,,Mon May 04 2026 17:53:11 GMT+0700 (Western Indonesia Time),1,Mon May 04 2026 17:53:11 GMT+0700 (Western Indonesia Time),
636,75206,2,,,Mon May 04 2026 17:53:11 GMT+0700 (Western Indonesia Time),1,Mon May 04 2026 17:53:11 GMT+0700 (Western Indonesia Time),
637,83227,2,,,Mon May 04 2026 17:53:11 GMT+0700 (Western Indonesia Time),1,Mon May 04 2026 17:53:11 GMT+0700 (Western Indonesia Time),
638,83233,2,,,Mon May 04 2026 17:53:11 GMT+0700 (Western Indonesia Time),1,Mon May 04 2026 17:53:11 GMT+0700 (Western Indonesia Time),
639,83238,2,,,Mon May 04 2026 17:53:11 GMT+0700 (Western Indonesia Time),1,Mon May 04 2026 17:53:11 GMT+0700 (Western Indonesia Time),
640,83242,2,,,Mon May 04 2026 17:53:11 GMT+0700 (Western Indonesia Time),1,Mon May 04 2026 17:53:11 GMT+0700 (Western Indonesia Time),
641,83248,2,,,Mon May 04 2026 17:53:11 GMT+0700 (Western Indonesia Time),1,Mon May 04 2026 17:53:11 GMT+0700 (Western Indonesia Time),
642,83261,2,,,Mon May 04 2026 17:53:11 GMT+0700 (Western Indonesia Time),1,Mon May 04 2026 17:53:11 GMT+0700 (Western Indonesia Time),
643,83632,2,,,Mon May 04 2026 17:53:11 GMT+0700 (Western Indonesia Time),1,Mon May 04 2026 17:53:11 GMT+0700 (Western Indonesia Time),
644,83633,2,,,Mon May 04 2026 17:53:11 GMT+0700 (Western Indonesia Time),1,Mon May 04 2026 17:53:11 GMT+0700 (Western Indonesia Time),
645,83638,2,,,Mon May 04 2026 17:53:11 GMT+0700 (Western Indonesia Time),1,Mon May 04 2026 17:53:11 GMT+0700 (Western Indonesia Time),
646,83641,2,,,Mon May 04 2026 17:53:11 GMT+0700 (Western Indonesia Time),1,Mon May 04 2026 17:53:11 GMT+0700 (Western Indonesia Time),
647,84220,2,,,Mon May 04 2026 17:53:11 GMT+0700 (Western Indonesia Time),1,Mon May 04 2026 17:53:11 GMT+0700 (Western Indonesia Time),
648,84227,2,,,Mon May 04 2026 17:53:11 GMT+0700 (Western Indonesia Time),1,Mon May 04 2026 17:53:11 GMT+0700 (Western Indonesia Time),
649,84234,2,,,Mon May 04 2026 17:53:11 GMT+0700 (Western Indonesia Time),1,Mon May 04 2026 17:53:11 GMT+0700 (Western Indonesia Time),
650,84241,2,,,Mon May 04 2026 17:53:11 GMT+0700 (Western Indonesia Time),1,Mon May 04 2026 17:53:11 GMT+0700 (Western Indonesia Time),
651,84244,2,,,Mon May 04 2026 17:53:11 GMT+0700 (Western Indonesia Time),1,Mon May 04 2026 17:53:11 GMT+0700 (Western Indonesia Time),
652,84417,2,,,Mon May 04 2026 17:53:11 GMT+0700 (Western Indonesia Time),1,Mon May 04 2026 17:53:11 GMT+0700 (Western Indonesia Time),
653,84648,2,,,Mon May 04 2026 17:53:11 GMT+0700 (Western Indonesia Time),1,Mon May 04 2026 17:53:11 GMT+0700 (Western Indonesia Time),
654,84813,2,,,Mon May 04 2026 17:53:11 GMT+0700 (Western Indonesia Time),1,Mon May 04 2026 17:53:11 GMT+0700 (Western Indonesia Time),
655,85201,2,,,Mon May 04 2026 17:53:11 GMT+0700 (Western Indonesia Time),1,Mon May 04 2026 17:53:11 GMT+0700 (Western Indonesia Time),
656,85402,2,,,Mon May 04 2026 17:53:11 GMT+0700 (Western Indonesia Time),1,Mon May 04 2026 17:53:11 GMT+0700 (Western Indonesia Time),
657,85405,2,,,Mon May 04 2026 17:53:11 GMT+0700 (Western Indonesia Time),1,Mon May 04 2026 17:53:11 GMT+0700 (Western Indonesia Time),
658,85406,2,,,Mon May 04 2026 17:53:11 GMT+0700 (Western Indonesia Time),1,Mon May 04 2026 17:53:11 GMT+0700 (Western Indonesia Time),
659,85501,2,,,Mon May 04 2026 17:53:11 GMT+0700 (Western Indonesia Time),1,Mon May 04 2026 17:53:11 GMT+0700 (Western Indonesia Time),
660,85701,2,,,Mon May 04 2026 17:53:11 GMT+0700 (Western Indonesia Time),1,Mon May 04 2026 17:53:11 GMT+0700 (Western Indonesia Time),
661,86224,2,,,Mon May 04 2026 17:53:11 GMT+0700 (Western Indonesia Time),1,Mon May 04 2026 17:53:11 GMT+0700 (Western Indonesia Time),
662,86227,2,,,Mon May 04 2026 17:53:11 GMT+0700 (Western Indonesia Time),1,Mon May 04 2026 17:53:11 GMT+0700 (Western Indonesia Time),
663,86304,2,,,Mon May 04 2026 17:53:11 GMT+0700 (Western Indonesia Time),1,Mon May 04 2026 17:53:11 GMT+0700 (Western Indonesia Time),
664,86413,2,,,Mon May 04 2026 17:53:11 GMT+0700 (Western Indonesia Time),1,Mon May 04 2026 17:53:11 GMT+0700 (Western Indonesia Time),
665,86609,2,,,Mon May 04 2026 17:53:11 GMT+0700 (Western Indonesia Time),1,Mon May 04 2026 17:53:11 GMT+0700 (Western Indonesia Time),
666,86616,2,,,Mon May 04 2026 17:53:11 GMT+0700 (Western Indonesia Time),1,Mon May 04 2026 17:53:11 GMT+0700 (Western Indonesia Time),
667,86624,2,,,Mon May 04 2026 17:53:11 GMT+0700 (Western Indonesia Time),1,Mon May 04 2026 17:53:11 GMT+0700 (Western Indonesia Time),
668,86625,2,,,Mon May 04 2026 17:53:11 GMT+0700 (Western Indonesia Time),1,Mon May 04 2026 17:53:11 GMT+0700 (Western Indonesia Time),
669,86632,2,,,Mon May 04 2026 17:53:11 GMT+0700 (Western Indonesia Time),1,Mon May 04 2026 17:53:11 GMT+0700 (Western Indonesia Time),
670,86633,2,,,Mon May 04 2026 17:53:11 GMT+0700 (Western Indonesia Time),1,Mon May 04 2026 17:53:11 GMT+0700 (Western Indonesia Time),
671,86702,2,,,Mon May 04 2026 17:53:11 GMT+0700 (Western Indonesia Time),1,Mon May 04 2026 17:53:11 GMT+0700 (Western Indonesia Time),
672,86812,2,,,Mon May 04 2026 17:53:11 GMT+0700 (Western Indonesia Time),1,Mon May 04 2026 17:53:11 GMT+0700 (Western Indonesia Time),
673,90404,2,,,Mon May 04 2026 17:53:11 GMT+0700 (Western Indonesia Time),1,Mon May 04 2026 17:53:11 GMT+0700 (Western Indonesia Time),
674,90606,2,,,Mon May 04 2026 17:53:11 GMT+0700 (Western Indonesia Time),1,Mon May 04 2026 17:53:11 GMT+0700 (Western Indonesia Time),
675,90806,2,,,Mon May 04 2026 17:53:11 GMT+0700 (Western Indonesia Time),1,Mon May 04 2026 17:53:11 GMT+0700 (Western Indonesia Time),
676,91227,2,,,Mon May 04 2026 17:53:11 GMT+0700 (Western Indonesia Time),1,Mon May 04 2026 17:53:11 GMT+0700 (Western Indonesia Time),
677,91230,2,,,Mon May 04 2026 17:53:11 GMT+0700 (Western Indonesia Time),1,Mon May 04 2026 17:53:11 GMT+0700 (Western Indonesia Time),
678,91252,2,,,Mon May 04 2026 17:53:11 GMT+0700 (Western Indonesia Time),1,Mon May 04 2026 17:53:11 GMT+0700 (Western Indonesia Time),
679,91311,2,,,Mon May 04 2026 17:53:11 GMT+0700 (Western Indonesia Time),1,Mon May 04 2026 17:53:11 GMT+0700 (Western Indonesia Time),
680,91319,2,,,Mon May 04 2026 17:53:11 GMT+0700 (Western Indonesia Time),1,Mon May 04 2026 17:53:11 GMT+0700 (Western Indonesia Time),
681,91322,2,,,Mon May 04 2026 17:53:11 GMT+0700 (Western Indonesia Time),1,Mon May 04 2026 17:53:11 GMT+0700 (Western Indonesia Time),
682,91408,2,,,Mon May 04 2026 17:53:11 GMT+0700 (Western Indonesia Time),1,Mon May 04 2026 17:53:11 GMT+0700 (Western Indonesia Time),
683,91424,2,,,Mon May 04 2026 17:53:11 GMT+0700 (Western Indonesia Time),1,Mon May 04 2026 17:53:11 GMT+0700 (Western Indonesia Time),
684,91519,2,,,Mon May 04 2026 17:53:11 GMT+0700 (Western Indonesia Time),1,Mon May 04 2026 17:53:11 GMT+0700 (Western Indonesia Time),
685,91524,2,,,Mon May 04 2026 17:53:11 GMT+0700 (Western Indonesia Time),1,Mon May 04 2026 17:53:11 GMT+0700 (Western Indonesia Time),
686,91525,2,,,Mon May 04 2026 17:53:11 GMT+0700 (Western Indonesia Time),1,Mon May 04 2026 17:53:11 GMT+0700 (Western Indonesia Time),
687,91628,2,,,Mon May 04 2026 17:53:11 GMT+0700 (Western Indonesia Time),1,Mon May 04 2026 17:53:11 GMT+0700 (Western Indonesia Time),
688,91711,2,,,Mon May 04 2026 17:53:11 GMT+0700 (Western Indonesia Time),1,Mon May 04 2026 17:53:11 GMT+0700 (Western Indonesia Time),
689,91717,2,,,Mon May 04 2026 17:53:11 GMT+0700 (Western Indonesia Time),1,Mon May 04 2026 17:53:11 GMT+0700 (Western Indonesia Time),
690,91921,2,,,Mon May 04 2026 17:53:11 GMT+0700 (Western Indonesia Time),1,Mon May 04 2026 17:53:11 GMT+0700 (Western Indonesia Time),
691,92035,2,,,Mon May 04 2026 17:53:11 GMT+0700 (Western Indonesia Time),1,Mon May 04 2026 17:53:11 GMT+0700 (Western Indonesia Time),
692,92201,2,,,Mon May 04 2026 17:53:11 GMT+0700 (Western Indonesia Time),1,Mon May 04 2026 17:53:11 GMT+0700 (Western Indonesia Time),
693,92211,2,,,Mon May 04 2026 17:53:11 GMT+0700 (Western Indonesia Time),1,Mon May 04 2026 17:53:11 GMT+0700 (Western Indonesia Time),
694,92241,2,,,Mon May 04 2026 17:53:11 GMT+0700 (Western Indonesia Time),1,Mon May 04 2026 17:53:11 GMT+0700 (Western Indonesia Time),
695,92248,2,,,Mon May 04 2026 17:53:11 GMT+0700 (Western Indonesia Time),1,Mon May 04 2026 17:53:11 GMT+0700 (Western Indonesia Time),
696,92254,2,,,Mon May 04 2026 17:53:11 GMT+0700 (Western Indonesia Time),1,Mon May 04 2026 17:53:11 GMT+0700 (Western Indonesia Time),
697,92302,2,,,Mon May 04 2026 17:53:11 GMT+0700 (Western Indonesia Time),1,Mon May 04 2026 17:53:11 GMT+0700 (Western Indonesia Time),
698,92420,2,,,Mon May 04 2026 17:53:11 GMT+0700 (Western Indonesia Time),1,Mon May 04 2026 17:53:11 GMT+0700 (Western Indonesia Time),
699,92452,2,,,Mon May 04 2026 17:53:11 GMT+0700 (Western Indonesia Time),1,Mon May 04 2026 17:53:11 GMT+0700 (Western Indonesia Time),
700,92501,2,,,Mon May 04 2026 17:53:11 GMT+0700 (Western Indonesia Time),1,Mon May 04 2026 17:53:11 GMT+0700 (Western Indonesia Time),
701,92502,2,,,Mon May 04 2026 17:53:11 GMT+0700 (Western Indonesia Time),1,Mon May 04 2026 17:53:11 GMT+0700 (Western Indonesia Time),
702,92512,2,,,Mon May 04 2026 17:53:11 GMT+0700 (Western Indonesia Time),1,Mon May 04 2026 17:53:11 GMT+0700 (Western Indonesia Time),
703,92604,2,,,Mon May 04 2026 17:53:11 GMT+0700 (Western Indonesia Time),1,Mon May 04 2026 17:53:11 GMT+0700 (Western Indonesia Time),
704,92701,2,,,Mon May 04 2026 17:53:11 GMT+0700 (Western Indonesia Time),1,Mon May 04 2026 17:53:11 GMT+0700 (Western Indonesia Time),
705,92818,2,,,Mon May 04 2026 17:53:11 GMT+0700 (Western Indonesia Time),1,Mon May 04 2026 17:53:11 GMT+0700 (Western Indonesia Time),
706,93201,2,,,Mon May 04 2026 17:53:11 GMT+0700 (Western Indonesia Time),1,Mon May 04 2026 17:53:11 GMT+0700 (Western Indonesia Time),
707,94302,2,,,Mon May 04 2026 17:53:11 GMT+0700 (Western Indonesia Time),1,Mon May 04 2026 17:53:11 GMT+0700 (Western Indonesia Time),
708,95303,2,,,Mon May 04 2026 17:53:11 GMT+0700 (Western Indonesia Time),1,Mon May 04 2026 17:53:11 GMT+0700 (Western Indonesia Time),
709,95306,2,,,Mon May 04 2026 17:53:11 GMT+0700 (Western Indonesia Time),1,Mon May 04 2026 17:53:11 GMT+0700 (Western Indonesia Time),
710,95309,2,,,Mon May 04 2026 17:53:11 GMT+0700 (Western Indonesia Time),1,Mon May 04 2026 17:53:11 GMT+0700 (Western Indonesia Time),
711,95310,2,,,Mon May 04 2026 17:53:11 GMT+0700 (Western Indonesia Time),1,Mon May 04 2026 17:53:11 GMT+0700 (Western Indonesia Time),
712,95413,2,,,Mon May 04 2026 17:53:11 GMT+0700 (Western Indonesia Time),1,Mon May 04 2026 17:53:11 GMT+0700 (Western Indonesia Time),
713,95503,2,,,Mon May 04 2026 17:53:11 GMT+0700 (Western Indonesia Time),1,Mon May 04 2026 17:53:11 GMT+0700 (Western Indonesia Time),
714,95524,2,,,Mon May 04 2026 17:53:11 GMT+0700 (Western Indonesia Time),1,Mon May 04 2026 17:53:11 GMT+0700 (Western Indonesia Time),
715,95601,2,,,Mon May 04 2026 17:53:11 GMT+0700 (Western Indonesia Time),1,Mon May 04 2026 17:53:11 GMT+0700 (Western Indonesia Time),
716,95605,2,,,Mon May 04 2026 17:53:11 GMT+0700 (Western Indonesia Time),1,Mon May 04 2026 17:53:11 GMT+0700 (Western Indonesia Time),
717,95908,2,,,Mon May 04 2026 17:53:11 GMT+0700 (Western Indonesia Time),1,Mon May 04 2026 17:53:11 GMT+0700 (Western Indonesia Time),
718,96401,2,,,Mon May 04 2026 17:53:11 GMT+0700 (Western Indonesia Time),1,Mon May 04 2026 17:53:11 GMT+0700 (Western Indonesia Time),
719,97203,2,,,Mon May 04 2026 17:53:11 GMT+0700 (Western Indonesia Time),1,Mon May 04 2026 17:53:11 GMT+0700 (Western Indonesia Time),
720,99403,2,,,Mon May 04 2026 17:53:11 GMT+0700 (Western Indonesia Time),1,Mon May 04 2026 17:53:11 GMT+0700 (Western Indonesia Time),
721,99507,2,,,Mon May 04 2026 17:53:11 GMT+0700 (Western Indonesia Time),1,Mon May 04 2026 17:53:11 GMT+0700 (Western Indonesia Time),